{
    "name": "root",
    "gauges": {
        "HunterController.Policy.Entropy.mean": {
            "value": 1.4056317806243896,
            "min": 1.4056317806243896,
            "max": 1.4191968441009521,
            "count": 40
        },
        "HunterController.Policy.Entropy.sum": {
            "value": 73551.0859375,
            "min": 65888.28125,
            "max": 87433.8828125,
            "count": 40
        },
        "HunterController.Environment.EpisodeLength.mean": {
            "value": 173.99652777777777,
            "min": 173.99652777777777,
            "max": 580.4827586206897,
            "count": 40
        },
        "HunterController.Environment.EpisodeLength.sum": {
            "value": 50111.0,
            "min": 45427.0,
            "max": 54689.0,
            "count": 40
        },
        "HunterController.Step.mean": {
            "value": 1999934.0,
            "min": 49401.0,
            "max": 1999934.0,
            "count": 40
        },
        "HunterController.Step.sum": {
            "value": 1999934.0,
            "min": 49401.0,
            "max": 1999934.0,
            "count": 40
        },
        "HunterController.Policy.ExtrinsicValueEstimate.mean": {
            "value": 14.032687187194824,
            "min": -14.810210227966309,
            "max": 14.391274452209473,
            "count": 40
        },
        "HunterController.Policy.ExtrinsicValueEstimate.sum": {
            "value": 4041.413818359375,
            "min": -1273.6781005859375,
            "max": 4041.413818359375,
            "count": 40
        },
        "HunterController.Environment.CumulativeReward.mean": {
            "value": 44.116667330265045,
            "min": -93.46379307494766,
            "max": 44.18272800792347,
            "count": 40
        },
        "HunterController.Environment.CumulativeReward.sum": {
            "value": 12705.600191116333,
            "min": -8967.599925041199,
            "max": 12705.600191116333,
            "count": 40
        },
        "HunterController.Policy.ExtrinsicReward.mean": {
            "value": 44.116667330265045,
            "min": -93.46379307494766,
            "max": 44.18272800792347,
            "count": 40
        },
        "HunterController.Policy.ExtrinsicReward.sum": {
            "value": 12705.600191116333,
            "min": -8967.599925041199,
            "max": 12705.600191116333,
            "count": 40
        },
        "HunterController.Losses.PolicyLoss.mean": {
            "value": 0.017576199727482162,
            "min": 0.013589886169623543,
            "max": 0.019756397523888154,
            "count": 40
        },
        "HunterController.Losses.PolicyLoss.sum": {
            "value": 0.035152399454964324,
            "min": 0.018844331809933383,
            "max": 0.05551356082200073,
            "count": 40
        },
        "HunterController.Losses.ValueLoss.mean": {
            "value": 80.7944020843506,
            "min": 9.12619758605957,
            "max": 80.7944020843506,
            "count": 40
        },
        "HunterController.Losses.ValueLoss.sum": {
            "value": 161.5888041687012,
            "min": 18.25239517211914,
            "max": 227.51491996765134,
            "count": 40
        },
        "HunterController.Policy.LearningRate.mean": {
            "value": 1.0914239086749988e-06,
            "min": 1.0914239086749988e-06,
            "max": 9.877525122475e-05,
            "count": 40
        },
        "HunterController.Policy.LearningRate.sum": {
            "value": 2.1828478173499976e-06,
            "min": 2.1828478173499976e-06,
            "max": 0.0002811398188602,
            "count": 40
        },
        "HunterController.Policy.Epsilon.mean": {
            "value": 0.10109132500000001,
            "min": 0.10109132500000001,
            "max": 0.19877525000000007,
            "count": 40
        },
        "HunterController.Policy.Epsilon.sum": {
            "value": 0.20218265000000002,
            "min": 0.19877525000000007,
            "max": 0.5811398000000001,
            "count": 40
        },
        "HunterController.Policy.Beta.mean": {
            "value": 6.445711749999993e-05,
            "min": 6.445711749999993e-05,
            "max": 0.004938884975000001,
            "count": 40
        },
        "HunterController.Policy.Beta.sum": {
            "value": 0.00012891423499999987,
            "min": 0.00012891423499999987,
            "max": 0.01405887602,
            "count": 40
        },
        "HunterController.IsTraining.mean": {
            "value": 1.0,
            "min": 1.0,
            "max": 1.0,
            "count": 40
        },
        "HunterController.IsTraining.sum": {
            "value": 1.0,
            "min": 1.0,
            "max": 1.0,
            "count": 40
        },
        "PreyController.Policy.Entropy.mean": {
            "value": 1.419185757637024,
            "min": 1.418625831604004,
            "max": 1.4263936281204224,
            "count": 40
        },
        "PreyController.Policy.Entropy.sum": {
            "value": 74260.3125,
            "min": 66518.265625,
            "max": 87326.3515625,
            "count": 40
        },
        "PreyController.Environment.EpisodeLength.mean": {
            "value": 173.99652777777777,
            "min": 173.99652777777777,
            "max": 580.4827586206897,
            "count": 40
        },
        "PreyController.Environment.EpisodeLength.sum": {
            "value": 50111.0,
            "min": 45427.0,
            "max": 54689.0,
            "count": 40
        },
        "PreyController.Step.mean": {
            "value": 1999934.0,
            "min": 49401.0,
            "max": 1999934.0,
            "count": 40
        },
        "PreyController.Step.sum": {
            "value": 1999934.0,
            "min": 49401.0,
            "max": 1999934.0,
            "count": 40
        },
        "PreyController.Policy.ExtrinsicValueEstimate.mean": {
            "value": -16.565223693847656,
            "min": -17.149272918701172,
            "max": 5.873425483703613,
            "count": 40
        },
        "PreyController.Policy.ExtrinsicValueEstimate.sum": {
            "value": -4770.7841796875,
            "min": -4770.7841796875,
            "max": 535.7540893554688,
            "count": 40
        },
        "PreyController.Environment.CumulativeReward.mean": {
            "value": -46.00694444444444,
            "min": -46.18181818181818,
            "max": 42.52873563218391,
            "count": 40
        },
        "PreyController.Environment.CumulativeReward.sum": {
            "value": -13250.0,
            "min": -13250.0,
            "max": 3700.0,
            "count": 40
        },
        "PreyController.Policy.ExtrinsicReward.mean": {
            "value": -46.00694444444444,
            "min": -46.18181818181818,
            "max": 42.52873563218391,
            "count": 40
        },
        "PreyController.Policy.ExtrinsicReward.sum": {
            "value": -13250.0,
            "min": -13250.0,
            "max": 3700.0,
            "count": 40
        },
        "PreyController.Losses.PolicyLoss.mean": {
            "value": 0.01906639871391235,
            "min": 0.014231284555280582,
            "max": 0.020232401131361256,
            "count": 40
        },
        "PreyController.Losses.PolicyLoss.sum": {
            "value": 0.0381327974278247,
            "min": 0.017567600490292535,
            "max": 0.06069720339408377,
            "count": 40
        },
        "PreyController.Losses.ValueLoss.mean": {
            "value": 61.389934082031246,
            "min": 30.79672144456343,
            "max": 69.66777046203613,
            "count": 40
        },
        "PreyController.Losses.ValueLoss.sum": {
            "value": 122.77986816406249,
            "min": 61.59344288912686,
            "max": 203.37566574096678,
            "count": 40
        },