{
    "name": "root",
    "gauges": {
        "HunterController.Policy.Entropy.mean": {
            "value": 1.4181631803512573,
            "min": 1.4181631803512573,
            "max": 1.4234466552734375,
            "count": 40
        },
        "HunterController.Policy.Entropy.sum": {
            "value": 71241.4296875,
            "min": 60149.71875,
            "max": 90055.09375,
            "count": 40
        },
        "HunterController.Environment.EpisodeLength.mean": {
            "value": 160.63225806451612,
            "min": 149.04804804804806,
            "max": 579.0689655172414,
            "count": 40
        },
        "HunterController.Environment.EpisodeLength.sum": {
            "value": 49796.0,
            "min": 45390.0,
            "max": 54439.0,
            "count": 40
        },
        "HunterController.Step.mean": {
            "value": 1999784.0,
            "min": 49950.0,
            "max": 1999784.0,
            "count": 40
        },
        "HunterController.Step.sum": {
            "value": 1999784.0,
            "min": 49950.0,
            "max": 1999784.0,
            "count": 40
        },
        "HunterController.Policy.ExtrinsicValueEstimate.mean": {
            "value": 17.20661163330078,
            "min": -13.417891502380371,
            "max": 17.442256927490234,
            "count": 40
        },
        "HunterController.Policy.ExtrinsicValueEstimate.sum": {
            "value": 5334.0498046875,
            "min": -1194.1923828125,
            "max": 5808.271484375,
            "count": 40
        },
        "HunterController.Environment.CumulativeReward.mean": {
            "value": 43.334193775730746,
            "min": -89.9879304074693,
            "max": 45.78108134427228,
            "count": 40
        },
        "HunterController.Environment.CumulativeReward.sum": {
            "value": 13433.600070476532,
            "min": -8524.449960708618,
            "max": 15245.10008764267,
            "count": 40
        },
        "HunterController.Policy.ExtrinsicReward.mean": {
            "value": 43.334193775730746,
            "min": -89.9879304074693,
            "max": 45.78108134427228,
            "count": 40
        },
        "HunterController.Policy.ExtrinsicReward.sum": {
            "value": 13433.600070476532,
            "min": -8524.449960708618,
            "max": 15245.10008764267,
            "count": 40
        },
        "HunterController.Losses.PolicyLoss.mean": {
            "value": 0.017295339438472487,
            "min": 0.01325582767765607,
            "max": 0.020239403886565317,
            "count": 40
        },
        "HunterController.Losses.PolicyLoss.sum": {
            "value": 0.034590678876944975,
            "min": 0.014573951820299651,
            "max": 0.0587946489356303,
            "count": 40
        },
        "HunterController.Losses.ValueLoss.mean": {
            "value": 78.43748734792074,
            "min": 18.03260785738627,
            "max": 80.618883005778,
            "count": 40
        },
        "HunterController.Losses.ValueLoss.sum": {
            "value": 156.87497469584147,
            "min": 36.06521571477254,
            "max": 241.856649017334,
            "count": 40
        },
        "HunterController.Policy.LearningRate.mean": {
            "value": 1.0857989143000008e-06,
            "min": 1.0857989143000008e-06,
            "max": 9.81086018914e-05,
            "count": 40
        },
        "HunterController.Policy.LearningRate.sum": {
            "value": 2.1715978286000016e-06,
            "min": 2.1715978286000016e-06,
            "max": 0.00026591138408865,
            "count": 40
        },
        "HunterController.Policy.Epsilon.mean": {
            "value": 0.10108570000000001,
            "min": 0.10108570000000001,
            "max": 0.19810860000000002,
            "count": 40
        },
        "HunterController.Policy.Epsilon.sum": {
            "value": 0.20217140000000003,
            "min": 0.19589734999999994,
            "max": 0.5659113499999999,
            "count": 40
        },
        "HunterController.Policy.Beta.mean": {
            "value": 6.417643000000003e-05,
            "min": 6.417643000000003e-05,
            "max": 0.00490561914,
            "count": 40
        },
        "HunterController.Policy.Beta.sum": {
            "value": 0.00012835286000000007,
            "min": 0.00012835286000000007,
            "max": 0.013298976365000001,
            "count": 40
        },
        "HunterController.IsTraining.mean": {
            "value": 1.0,
            "min": 1.0,
            "max": 1.0,
            "count": 40
        },
        "HunterController.IsTraining.sum": {
            "value": 1.0,
            "min": 1.0,
            "max": 1.0,
            "count": 40
        },
        "PreyController.Policy.Entropy.mean": {
            "value": 1.4194296598434448,
            "min": 1.4188194274902344,
            "max": 1.422548532485962,
            "count": 40
        },
        "PreyController.Policy.Entropy.sum": {
            "value": 71305.046875,
            "min": 60061.73046875,
            "max": 89664.9765625,
            "count": 40
        },
        "PreyController.Environment.EpisodeLength.mean": {
            "value": 160.63225806451612,
            "min": 149.04804804804806,
            "max": 579.0689655172414,
            "count": 40
        },
        "PreyController.Environment.EpisodeLength.sum": {
            "value": 49796.0,
            "min": 45390.0,
            "max": 54439.0,
            "count": 40
        },
        "PreyController.Step.mean": {
            "value": 1999784.0,
            "min": 49950.0,
            "max": 1999784.0,
            "count": 40
        },
        "PreyController.Step.sum": {
            "value": 1999784.0,
            "min": 49950.0,
            "max": 1999784.0,
            "count": 40
        },
        "PreyController.Policy.ExtrinsicValueEstimate.mean": {
            "value": -19.611234664916992,
            "min": -19.611234664916992,
            "max": 5.103960990905762,
            "count": 40
        },
        "PreyController.Policy.ExtrinsicValueEstimate.sum": {
            "value": -6079.48291015625,
            "min": -6460.87890625,
            "max": 454.2525329589844,
            "count": 40
        },
        "PreyController.Environment.CumulativeReward.mean": {
            "value": -48.064516129032256,
            "min": -48.32775919732441,
            "max": 43.10344827586207,
            "count": 40
        },
        "PreyController.Environment.CumulativeReward.sum": {
            "value": -14900.0,
            "min": -16000.0,
            "max": 3750.0,
            "count": 40
        },
        "PreyController.Policy.ExtrinsicReward.mean": {
            "value": -48.064516129032256,
            "min": -48.32775919732441,
            "max": 43.10344827586207,
            "count": 40
        },
        "PreyController.Policy.ExtrinsicReward.sum": {
            "value": -14900.0,
            "min": -16000.0,
            "max": 3750.0,
            "count": 40
        },
        "PreyController.Losses.PolicyLoss.mean": {
            "value": 0.01704547971021384,
            "min": 0.013365171587308093,
            "max": 0.020870346158820514,
            "count": 40
        },
        "PreyController.Losses.PolicyLoss.sum": {
            "value": 0.03409095942042768,
            "min": 0.016165700469153107,
            "max": 0.06203945484918828,
            "count": 40
        },
        "PreyController.Losses.ValueLoss.mean": {
            "value": 73.91639506022136,
            "min": 31.141475105285647,
            "max": 80.319517771403,
            "count": 40
        },
        "PreyController.Losses.ValueLoss.sum": {
            "value": 147.83279012044272,
            "min": 43.39680256313748,
            "max": 236.99230677286783,
            "count": 40
        },