{
    "name": "root",
    "gauges": {
        "HunterController.Policy.Entropy.mean": {
            "value": 1.382798433303833,
            "min": 1.382798433303833,
            "max": 1.4226105213165283,
            "count": 15
        },
        "HunterController.Policy.Entropy.sum": {
            "value": 69394.359375,
            "min": 67942.734375,
            "max": 72598.28125,
            "count": 15
        },
        "HunterController.Step.mean": {
            "value": 749994.0,
            "min": 49982.0,
            "max": 749994.0,
            "count": 15
        },
        "HunterController.Step.sum": {
            "value": 749994.0,
            "min": 49982.0,
            "max": 749994.0,
            "count": 15
        },
        "HunterController.Policy.ExtrinsicValueEstimate.mean": {
            "value": -156.01858520507812,
            "min": -195.7692108154297,
            "max": -49.40364074707031,
            "count": 15
        },
        "HunterController.Policy.ExtrinsicValueEstimate.sum": {
            "value": -150557.9375,
            "min": -159551.90625,
            "max": -39918.140625,
            "count": 15
        },
        "HunterController.Environment.EpisodeLength.mean": {
            "value": 132.3819628647215,
            "min": 132.3819628647215,
            "max": 463.55555555555554,
            "count": 15
        },
        "HunterController.Environment.EpisodeLength.sum": {
            "value": 49908.0,
            "min": 40989.0,
            "max": 53790.0,
            "count": 15
        },
        "HunterController.Environment.CumulativeReward.mean": {
            "value": -356.23143206730447,
            "min": -1140.5953673786587,
            "max": -356.23143206730447,
            "count": 15
        },
        "HunterController.Environment.CumulativeReward.sum": {
            "value": -134299.24988937378,
            "min": -139190.24986457825,
            "max": -104953.34986495972,
            "count": 15
        },
        "HunterController.Policy.ExtrinsicReward.mean": {
            "value": -356.23143206730447,
            "min": -1140.5953673786587,
            "max": -356.23143206730447,
            "count": 15
        },
        "HunterController.Policy.ExtrinsicReward.sum": {
            "value": -134299.24988937378,
            "min": -139190.24986457825,
            "max": -104953.34986495972,
            "count": 15
        },
        "HunterController.Losses.PolicyLoss.mean": {
            "value": 0.02591120275494177,
            "min": 0.021850876731462753,
            "max": 0.026158916484079482,
            "count": 15
        },
        "HunterController.Losses.PolicyLoss.sum": {
            "value": 0.12955601377470885,
            "min": 0.09008472479181365,
            "max": 0.1307945824203974,
            "count": 15
        },
        "HunterController.Losses.ValueLoss.mean": {
            "value": 599.5493947347006,
            "min": 201.6032614852443,
            "max": 599.5493947347006,
            "count": 15
        },
        "HunterController.Losses.ValueLoss.sum": {
            "value": 2997.746973673503,
            "min": 806.4130459409772,
            "max": 2997.746973673503,
            "count": 15
        },
        "HunterController.Policy.LearningRate.mean": {
            "value": 0.00010646489645117329,
            "min": 0.00010646489645117329,
            "max": 0.0028901130036629,
            "count": 15
        },
        "HunterController.Policy.LearningRate.sum": {
            "value": 0.0005323244822558665,
            "min": 0.0005323244822558665,
            "max": 0.013513676049544133,
            "count": 15
        },
        "HunterController.Policy.Epsilon.mean": {
            "value": 0.09716093866666667,
            "min": 0.022930320000000004,
            "max": 0.09716093866666667,
            "count": 15
        },
        "HunterController.Policy.Epsilon.sum": {
            "value": 0.48580469333333337,
            "min": 0.09172128000000002,
            "max": 0.48580469333333337,
            "count": 15
        },
        "HunterController.Policy.Beta.mean": {
            "value": 0.0001870864506666666,
            "min": 0.0001870864506666666,
            "max": 0.00481722129,
            "count": 15
        },
        "HunterController.Policy.Beta.sum": {
            "value": 0.000935432253333333,
            "min": 0.000935432253333333,
            "max": 0.022527747746666663,
            "count": 15
        },
        "HunterController.IsTraining.mean": {
            "value": 1.0,
            "min": 1.0,
            "max": 1.0,
            "count": 15
        },
        "HunterController.IsTraining.sum": {
            "value": 1.0,
            "min": 1.0,
            "max": 1.0,
            "count": 15
        },
        "PreyController.Policy.Entropy.mean": {
            "value": 1.483566403388977,
            "min": 1.4282398223876953,
            "max": 1.4849635362625122,
            "count": 15
        },
        "PreyController.Policy.Entropy.sum": {
            "value": 74451.296875,
            "min": 71650.8203125,
            "max": 74451.296875,
            "count": 15
        },
        "PreyController.Step.mean": {
            "value": 749994.0,
            "min": 49982.0,
            "max": 749994.0,
            "count": 15
        },
        "PreyController.Step.sum": {
            "value": 749994.0,
            "min": 49982.0,
            "max": 749994.0,
            "count": 15
        },
        "PreyController.Policy.ExtrinsicValueEstimate.mean": {
            "value": -1.9509193897247314,
            "min": -1.9509193897247314,
            "max": 7.199156761169434,
            "count": 15
        },
        "PreyController.Policy.ExtrinsicValueEstimate.sum": {
            "value": -1882.63720703125,
            "min": -1882.63720703125,
            "max": 5888.91015625,
            "count": 15
        },
        "PreyController.Environment.EpisodeLength.mean": {
            "value": 132.3819628647215,
            "min": 132.3819628647215,
            "max": 463.55555555555554,
            "count": 15
        },
        "PreyController.Environment.EpisodeLength.sum": {
            "value": 49908.0,
            "min": 40989.0,
            "max": 53790.0,
            "count": 15
        },
        "PreyController.Environment.CumulativeReward.mean": {
            "value": -10.079575596816976,
            "min": -10.079575596816976,
            "max": 31.304347826086957,
            "count": 15
        },
        "PreyController.Environment.CumulativeReward.sum": {
            "value": -3800.0,
            "min": -3800.0,
            "max": 3650.0,
            "count": 15
        },
        "PreyController.Policy.ExtrinsicReward.mean": {
            "value": -10.079575596816976,
            "min": -10.079575596816976,
            "max": 31.304347826086957,
            "count": 15
        },
        "PreyController.Policy.ExtrinsicReward.sum": {
            "value": -3800.0,
            "min": -3800.0,
            "max": 3650.0,
            "count": 15
        },
        "PreyController.Losses.PolicyLoss.mean": {
            "value": 0.021300711008904426,
            "min": 0.021300711008904426,
            "max": 0.026190261063942066,
            "count": 15
        },
        "PreyController.Losses.PolicyLoss.sum": {
            "value": 0.10650355504452214,
            "min": 0.09412239589567462,
            "max": 0.13095130531971033,
            "count": 15
        },
        "PreyController.Losses.ValueLoss.mean": {
            "value": 40.58234223047892,
            "min": 34.20519814809164,
            "max": 51.75250364939372,
            "count": 15
        },
        "PreyController.Losses.ValueLoss.sum": {
            "value": 202.91171115239462,
            "min": 171.02599074045818,
            "max": 258.76251824696857,
            "count": 15
        },