{
    "name": "root",
    "gauges": {
        "HunterController.Policy.Entropy.mean": {
            "value": 1.3016895055770874,
            "min": 1.3016895055770874,
            "max": 1.4201728105545044,
            "count": 100
        },
        "HunterController.Policy.Entropy.sum": {
            "value": 66386.1640625,
            "min": 61532.81640625,
            "max": 86189.4375,
            "count": 100
        },
        "HunterController.Environment.EpisodeLength.mean": {
            "value": 137.28212290502793,
            "min": 127.87823834196891,
            "max": 300.8484848484849,
            "count": 100
        },
        "HunterController.Environment.EpisodeLength.sum": {
            "value": 49147.0,
            "min": 46333.0,
            "max": 53320.0,
            "count": 100
        },
        "HunterController.Step.mean": {
            "value": 4999787.0,
            "min": 49960.0,
            "max": 4999787.0,
            "count": 100
        },
        "HunterController.Step.sum": {
            "value": 4999787.0,
            "min": 49960.0,
            "max": 4999787.0,
            "count": 100
        },
        "HunterController.Policy.ExtrinsicValueEstimate.mean": {
            "value": 12.439461708068848,
            "min": -23.069318771362305,
            "max": 13.500969886779785,
            "count": 100
        },
        "HunterController.Policy.ExtrinsicValueEstimate.sum": {
            "value": 4465.7666015625,
            "min": -3934.68701171875,
            "max": 5160.42578125,
            "count": 100
        },
        "HunterController.Environment.CumulativeReward.mean": {
            "value": 22.899442893880988,
            "min": -78.93638999645526,
            "max": 26.966356437256994,
            "count": 100
        },
        "HunterController.Environment.CumulativeReward.sum": {
            "value": 8220.899998903275,
            "min": -13340.24990940094,
            "max": 10345.850131988525,
            "count": 100
        },
        "HunterController.Policy.ExtrinsicReward.mean": {
            "value": 22.899442893880988,
            "min": -78.93638999645526,
            "max": 26.966356437256994,
            "count": 100
        },
        "HunterController.Policy.ExtrinsicReward.sum": {
            "value": 8220.899998903275,
            "min": -13340.24990940094,
            "max": 10345.850131988525,
            "count": 100
        },
        "HunterController.Losses.PolicyLoss.mean": {
            "value": 0.012359922434261535,
            "min": 0.00968170197607833,
            "max": 0.01402684023254551,
            "count": 100
        },
        "HunterController.Losses.PolicyLoss.sum": {
            "value": 0.02471984486852307,
            "min": 0.00968170197607833,
            "max": 0.026442811254091793,
            "count": 100
        },
        "HunterController.Losses.ValueLoss.mean": {
            "value": 88.98873283386231,
            "min": 8.187739982604981,
            "max": 93.12850418090821,
            "count": 100
        },
        "HunterController.Losses.ValueLoss.sum": {
            "value": 177.97746566772463,
            "min": 8.187739982604981,
            "max": 177.97746566772463,
            "count": 100
        },
        "HunterController.Policy.LearningRate.mean": {
            "value": 5.666994334000005e-07,
            "min": 5.666994334000005e-07,
            "max": 9.912492087508003e-05,
            "count": 100
        },
        "HunterController.Policy.LearningRate.sum": {
            "value": 1.133398866800001e-06,
            "min": 1.133398866800001e-06,
            "max": 0.00018715163284838,
            "count": 100
        },
        "HunterController.Policy.Epsilon.mean": {
            "value": 0.10056659999999998,
            "min": 0.10056659999999998,
            "max": 0.19912491999999996,
            "count": 100
        },
        "HunterController.Policy.Epsilon.sum": {
            "value": 0.20113319999999996,
            "min": 0.10179896000000001,
            "max": 0.38715162000000003,
            "count": 100
        },
        "HunterController.Policy.Beta.mean": {
            "value": 3.827334000000003e-05,
            "min": 3.827334000000003e-05,
            "max": 0.004956333507999999,
            "count": 100
        },
        "HunterController.Policy.Beta.sum": {
            "value": 7.654668000000006e-05,
            "min": 7.654668000000006e-05,
            "max": 0.009358865838000002,
            "count": 100
        },
        "HunterController.IsTraining.mean": {
            "value": 1.0,
            "min": 1.0,
            "max": 1.0,
            "count": 100
        },
        "HunterController.IsTraining.sum": {
            "value": 1.0,
            "min": 1.0,
            "max": 1.0,
            "count": 100
        },
        "PreyController.Policy.Entropy.mean": {
            "value": 1.3931466341018677,
            "min": 1.3931375741958618,
            "max": 1.4359561204910278,
            "count": 100
        },
        "PreyController.Policy.Entropy.sum": {
            "value": 71050.4765625,
            "min": 66099.34375,
            "max": 86209.09375,
            "count": 100
        },
        "PreyController.Environment.EpisodeLength.mean": {
            "value": 137.28212290502793,
            "min": 127.87823834196891,
            "max": 300.8484848484849,
            "count": 100
        },
        "PreyController.Environment.EpisodeLength.sum": {
            "value": 49147.0,
            "min": 46334.0,
            "max": 53254.0,
            "count": 100
        },
        "PreyController.Step.mean": {
            "value": 4999787.0,
            "min": 49960.0,
            "max": 4999787.0,
            "count": 100
        },
        "PreyController.Step.sum": {
            "value": 4999787.0,
            "min": 49960.0,
            "max": 4999787.0,
            "count": 100
        },
        "PreyController.Policy.ExtrinsicValueEstimate.mean": {
            "value": -13.702946662902832,
            "min": -13.702946662902832,
            "max": 12.006790161132812,
            "count": 100
        },
        "PreyController.Policy.ExtrinsicValueEstimate.sum": {
            "value": -4919.35791015625,
            "min": -5168.44677734375,
            "max": 2029.1475830078125,
            "count": 100
        },
        "PreyController.Environment.CumulativeReward.mean": {
            "value": -30.22284122562674,
            "min": -33.333333333333336,
            "max": 48.484848484848484,
            "count": 100
        },
        "PreyController.Environment.CumulativeReward.sum": {
            "value": -10850.0,
            "min": -12900.0,
            "max": 8000.0,
            "count": 100
        },
        "PreyController.Policy.ExtrinsicReward.mean": {
            "value": -30.22284122562674,
            "min": -33.333333333333336,
            "max": 48.484848484848484,
            "count": 100
        },
        "PreyController.Policy.ExtrinsicReward.sum": {
            "value": -10850.0,
            "min": -12900.0,
            "max": 8000.0,
            "count": 100
        },
        "PreyController.Losses.PolicyLoss.mean": {
            "value": 0.016965903140953743,
            "min": 0.013829292037735285,
            "max": 0.019628055343637242,
            "count": 100
        },
        "PreyController.Losses.PolicyLoss.sum": {
            "value": 0.033931806281907485,
            "min": 0.02765858407547057,
            "max": 0.05694569286715705,
            "count": 100
        },
        "PreyController.Losses.ValueLoss.mean": {
            "value": 124.24140380859374,
            "min": 44.76956321716308,
            "max": 140.7761964416504,
            "count": 100
        },
        "PreyController.Losses.ValueLoss.sum": {
            "value": 248.4828076171875,
            "min": 89.53912643432616,
            "max": 422.32858932495117,