{
    "name": "root",
    "gauges": {
        "HunterController.Policy.Entropy.mean": {
            "value": 0.987835168838501,
            "min": 0.987835168838501,
            "max": 1.5506373643875122,
            "count": 40
        },
        "HunterController.Policy.Entropy.sum": {
            "value": 49724.66015625,
            "min": 49452.34765625,
            "max": 78214.65625,
            "count": 40
        },
        "HunterController.Environment.EpisodeLength.mean": {
            "value": 146.05637982195844,
            "min": 130.62239583333334,
            "max": 289.01807228915663,
            "count": 40
        },
        "HunterController.Environment.EpisodeLength.sum": {
            "value": 49221.0,
            "min": 44714.0,
            "max": 52851.0,
            "count": 40
        },
        "HunterController.Step.mean": {
            "value": 1999944.0,
            "min": 49936.0,
            "max": 1999944.0,
            "count": 40
        },
        "HunterController.Step.sum": {
            "value": 1999944.0,
            "min": 49936.0,
            "max": 1999944.0,
            "count": 40
        },
        "HunterController.Policy.ExtrinsicValueEstimate.mean": {
            "value": 4.033301830291748,
            "min": -22.584077835083008,
            "max": 6.019870758056641,
            "count": 40
        },
        "HunterController.Policy.ExtrinsicValueEstimate.sum": {
            "value": 3827.603271484375,
            "min": -18970.625,
            "max": 5767.0361328125,
            "count": 40
        },
        "HunterController.Environment.CumulativeReward.mean": {
            "value": 28.739053691544477,
            "min": -60.84189906732996,
            "max": 34.98424518589551,
            "count": 40
        },
        "HunterController.Environment.CumulativeReward.sum": {
            "value": 9713.800147742033,
            "min": -10890.699933052063,
            "max": 13433.950151383877,
            "count": 40
        },
        "HunterController.Policy.ExtrinsicReward.mean": {
            "value": 28.739053691544477,
            "min": -60.84189906732996,
            "max": 34.98424518589551,
            "count": 40
        },
        "HunterController.Policy.ExtrinsicReward.sum": {
            "value": 9713.800147742033,
            "min": -10890.699933052063,
            "max": 13433.950151383877,
            "count": 40
        },
        "HunterController.Losses.PolicyLoss.mean": {
            "value": 0.026412807527619105,
            "min": 0.02065973037824733,
            "max": 0.02699992599791585,
            "count": 40
        },
        "HunterController.Losses.PolicyLoss.sum": {
            "value": 0.13206403763809552,
            "min": 0.08263892151298932,
            "max": 0.13206403763809552,
            "count": 40
        },
        "HunterController.Losses.ValueLoss.mean": {
            "value": 92.23673421223958,
            "min": 6.247104692459106,
            "max": 94.4438338724772,
            "count": 40
        },
        "HunterController.Losses.ValueLoss.sum": {
            "value": 461.1836710611979,
            "min": 24.988418769836425,
            "max": 472.219169362386,
            "count": 40
        },
        "HunterController.Policy.LearningRate.mean": {
            "value": 4.407369853088005e-05,
            "min": 4.407369853088005e-05,
            "max": 0.0029594820013506,
            "count": 40
        },
        "HunterController.Policy.LearningRate.sum": {
            "value": 0.00022036849265440024,
            "min": 0.00022036849265440024,
            "max": 0.0144421020185966,
            "count": 40
        },
        "HunterController.Policy.Epsilon.mean": {
            "value": 0.10146912000000001,
            "min": 0.10146912000000001,
            "max": 0.19864940000000006,
            "count": 40
        },
        "HunterController.Policy.Epsilon.sum": {
            "value": 0.5073456000000001,
            "min": 0.41512185,
            "max": 0.9814034000000003,
            "count": 40
        },
        "HunterController.Policy.Beta.mean": {
            "value": 8.330908800000008e-05,
            "min": 8.330908800000008e-05,
            "max": 0.004932605059999999,
            "count": 40
        },
        "HunterController.Policy.Beta.sum": {
            "value": 0.0004165454400000004,
            "min": 0.0004165454400000004,
            "max": 0.024072029660000004,
            "count": 40
        },
        "HunterController.IsTraining.mean": {
            "value": 1.0,
            "min": 1.0,
            "max": 1.0,
            "count": 40
        },
        "HunterController.IsTraining.sum": {
            "value": 1.0,
            "min": 1.0,
            "max": 1.0,
            "count": 40
        },
        "PreyController.Policy.Entropy.mean": {
            "value": 1.1967904567718506,
            "min": 1.1967904567718506,
            "max": 1.4264696836471558,
            "count": 40
        },
        "PreyController.Policy.Entropy.sum": {
            "value": 60242.83984375,
            "min": 59624.67578125,
            "max": 73768.453125,
            "count": 40
        },
        "PreyController.Environment.EpisodeLength.mean": {
            "value": 146.05637982195844,
            "min": 130.62239583333334,
            "max": 289.01807228915663,
            "count": 40
        },
        "PreyController.Environment.EpisodeLength.sum": {
            "value": 49221.0,
            "min": 44714.0,
            "max": 52851.0,
            "count": 40
        },
        "PreyController.Step.mean": {
            "value": 1999944.0,
            "min": 49936.0,
            "max": 1999944.0,
            "count": 40
        },
        "PreyController.Step.sum": {
            "value": 1999944.0,
            "min": 49936.0,
            "max": 1999944.0,
            "count": 40
        },
        "PreyController.Policy.ExtrinsicValueEstimate.mean": {
            "value": -13.896220207214355,
            "min": -15.323598861694336,
            "max": 13.67282485961914,
            "count": 40
        },
        "PreyController.Policy.ExtrinsicValueEstimate.sum": {
            "value": -13187.5126953125,
            "min": -14680.0078125,
            "max": 11526.19140625,
            "count": 40
        },
        "PreyController.Environment.CumulativeReward.mean": {
            "value": -38.6094674556213,
            "min": -40.234375,
            "max": 44.134078212290504,
            "count": 40
        },
        "PreyController.Environment.CumulativeReward.sum": {
            "value": -13050.0,
            "min": -15450.0,
            "max": 7900.0,
            "count": 40
        },
        "PreyController.Policy.ExtrinsicReward.mean": {
            "value": -38.6094674556213,
            "min": -40.234375,
            "max": 44.134078212290504,
            "count": 40
        },
        "PreyController.Policy.ExtrinsicReward.sum": {
            "value": -13050.0,
            "min": -15450.0,
            "max": 7900.0,
            "count": 40
        },
        "PreyController.Losses.PolicyLoss.mean": {
            "value": 0.02514968795779472,
            "min": 0.019557554325729143,
            "max": 0.02749371231397769,
            "count": 40
        },
        "PreyController.Losses.PolicyLoss.sum": {
            "value": 0.1257484397889736,
            "min": 0.07823021730291657,
            "max": 0.13746856156988846,
            "count": 40
        },
        "PreyController.Losses.ValueLoss.mean": {
            "value": 110.32119822184245,
            "min": 41.6474299621582,
            "max": 132.5470510864258,
            "count": 40
        },
        "PreyController.Losses.ValueLoss.sum": {
            "value": 551.6059911092123,
            "min": 174.12561461130778,
            "max": 662.735255432129,
            "count": 40
        },