{
    "name": "root",
    "gauges": {
        "HunterController.Policy.Entropy.mean": {
            "value": 1.386771559715271,
            "min": 1.386771559715271,
            "max": 1.4173252582550049,
            "count": 15
        },
        "HunterController.Policy.Entropy.sum": {
            "value": 69169.390625,
            "min": 69036.75,
            "max": 74116.1875,
            "count": 15
        },
        "HunterController.Step.mean": {
            "value": 749992.0,
            "min": 49996.0,
            "max": 749992.0,
            "count": 15
        },
        "HunterController.Step.sum": {
            "value": 749992.0,
            "min": 49996.0,
            "max": 749992.0,
            "count": 15
        },
        "HunterController.Policy.ExtrinsicValueEstimate.mean": {
            "value": -127.30490112304688,
            "min": -164.2567138671875,
            "max": -41.303348541259766,
            "count": 15
        },
        "HunterController.Policy.ExtrinsicValueEstimate.sum": {
            "value": -179372.609375,
            "min": -181629.75,
            "max": -34694.8125,
            "count": 15
        },
        "HunterController.Environment.EpisodeLength.mean": {
            "value": 43.24357838795394,
            "min": 43.24357838795394,
            "max": 271.93956043956047,
            "count": 15
        },
        "HunterController.Environment.EpisodeLength.sum": {
            "value": 48822.0,
            "min": 45093.0,
            "max": 51914.0,
            "count": 15
        },
        "HunterController.Environment.CumulativeReward.mean": {
            "value": -192.20783113293942,
            "min": -715.8763733748551,
            "max": -192.20783113293942,
            "count": 15
        },
        "HunterController.Environment.CumulativeReward.sum": {
            "value": -217194.84918022156,
            "min": -217194.84918022156,
            "max": -119254.24973487854,
            "count": 15
        },
        "HunterController.Policy.ExtrinsicReward.mean": {
            "value": -192.20783113293942,
            "min": -715.8763733748551,
            "max": -192.20783113293942,
            "count": 15
        },
        "HunterController.Policy.ExtrinsicReward.sum": {
            "value": -217194.84918022156,
            "min": -217194.84918022156,
            "max": -119254.24973487854,
            "count": 15
        },
        "HunterController.Losses.PolicyLoss.mean": {
            "value": 0.023420495298923927,
            "min": 0.022331362469800903,
            "max": 0.02579939597751945,
            "count": 15
        },
        "HunterController.Losses.PolicyLoss.sum": {
            "value": 0.11710247649461963,
            "min": 0.09042977386367664,
            "max": 0.12899697988759726,
            "count": 15
        },
        "HunterController.Losses.ValueLoss.mean": {
            "value": 573.7913378906251,
            "min": 234.21971628824866,
            "max": 720.9445540364583,
            "count": 15
        },
        "HunterController.Losses.ValueLoss.sum": {
            "value": 2868.9566894531254,
            "min": 1171.0985814412434,
            "max": 3604.7227701822912,
            "count": 15
        },
        "HunterController.Policy.LearningRate.mean": {
            "value": 1.1493696168799999e-05,
            "min": 1.1493696168799999e-05,
            "max": 0.0002896979034340333,
            "count": 15
        },
        "HunterController.Policy.LearningRate.sum": {
            "value": 5.746848084399999e-05,
            "min": 5.746848084399999e-05,
            "max": 0.0013552648482450668,
            "count": 15
        },
        "HunterController.Policy.Epsilon.mean": {
            "value": 0.10383120000000001,
            "min": 0.10383120000000001,
            "max": 0.1965659666666667,
            "count": 15
        },
        "HunterController.Policy.Epsilon.sum": {
            "value": 0.5191560000000001,
            "min": 0.44003746666666665,
            "max": 0.9517549333333336,
            "count": 15
        },
        "HunterController.Policy.Beta.mean": {
            "value": 0.00020117687999999997,
            "min": 0.00020117687999999997,
            "max": 0.004828641736666667,
            "count": 15
        },
        "HunterController.Policy.Beta.sum": {
            "value": 0.0010058843999999998,
            "min": 0.0010058843999999998,
            "max": 0.022592571173333333,
            "count": 15
        },
        "HunterController.IsTraining.mean": {
            "value": 1.0,
            "min": 1.0,
            "max": 1.0,
            "count": 15
        },
        "HunterController.IsTraining.sum": {
            "value": 1.0,
            "min": 1.0,
            "max": 1.0,
            "count": 15
        },
        "PreyController.Policy.Entropy.mean": {
            "value": 1.4275604486465454,
            "min": 1.42153000831604,
            "max": 1.4300525188446045,
            "count": 15
        },
        "PreyController.Policy.Entropy.sum": {
            "value": 71203.859375,
            "min": 70265.890625,
            "max": 74336.0703125,
            "count": 15
        },
        "PreyController.Step.mean": {
            "value": 749992.0,
            "min": 49996.0,
            "max": 749992.0,
            "count": 15
        },
        "PreyController.Step.sum": {
            "value": 749992.0,
            "min": 49996.0,
            "max": 749992.0,
            "count": 15
        },
        "PreyController.Policy.ExtrinsicValueEstimate.mean": {
            "value": -3.2668261528015137,
            "min": -3.2668261528015137,
            "max": 8.598067283630371,
            "count": 15
        },
        "PreyController.Policy.ExtrinsicValueEstimate.sum": {
            "value": -4602.9580078125,
            "min": -4602.9580078125,
            "max": 7531.9072265625,
            "count": 15
        },
        "PreyController.Environment.EpisodeLength.mean": {
            "value": 43.24357838795394,
            "min": 43.24357838795394,
            "max": 271.93956043956047,
            "count": 15
        },
        "PreyController.Environment.EpisodeLength.sum": {
            "value": 48822.0,
            "min": 45093.0,
            "max": 51914.0,
            "count": 15
        },
        "PreyController.Environment.CumulativeReward.mean": {
            "value": -5.088495575221239,
            "min": -5.972906403940887,
            "max": 29.04191616766467,
            "count": 15
        },
        "PreyController.Environment.CumulativeReward.sum": {
            "value": -5750.0,
            "min": -5750.0,
            "max": 5050.0,
            "count": 15
        },
        "PreyController.Policy.ExtrinsicReward.mean": {
            "value": -5.088495575221239,
            "min": -5.972906403940887,
            "max": 29.04191616766467,
            "count": 15
        },
        "PreyController.Policy.ExtrinsicReward.sum": {
            "value": -5750.0,
            "min": -5750.0,
            "max": 5050.0,
            "count": 15
        },
        "PreyController.Losses.PolicyLoss.mean": {
            "value": 0.023556389525474515,
            "min": 0.02191699840084766,
            "max": 0.026702742174893504,
            "count": 15
        },
        "PreyController.Losses.PolicyLoss.sum": {
            "value": 0.11778194762737257,
            "min": 0.09367219968795931,
            "max": 0.13147599718552858,
            "count": 15
        },
        "PreyController.Losses.ValueLoss.mean": {
            "value": 36.80858301798502,
            "min": 33.82338525136312,
            "max": 88.07952794392904,
            "count": 15
        },
        "PreyController.Losses.ValueLoss.sum": {
            "value": 184.04291508992512,
            "min": 158.29553705851237,
            "max": 440.3976397196452,
            "count": 15
        },