{
    "name": "root",
    "gauges": {
        "PreyController.Policy.Entropy.mean": {
            "value": 1.4386515617370605,
            "min": 1.4194648265838623,
            "max": 1.4395347833633423,
            "count": 40
        },
        "PreyController.Policy.Entropy.sum": {
            "value": 74178.3125,
            "min": 64480.0234375,
            "max": 87016.03125,
            "count": 40
        },
        "PreyController.Environment.EpisodeLength.mean": {
            "value": 335.5945945945946,
            "min": 335.5945945945946,
            "max": 579.0117647058823,
            "count": 40
        },
        "PreyController.Environment.EpisodeLength.sum": {
            "value": 49668.0,
            "min": 44928.0,
            "max": 55268.0,
            "count": 40
        },
        "PreyController.Step.mean": {
            "value": 1999810.0,
            "min": 49916.0,
            "max": 1999810.0,
            "count": 40
        },
        "PreyController.Step.sum": {
            "value": 1999810.0,
            "min": 49916.0,
            "max": 1999810.0,
            "count": 40
        },
        "PreyController.Policy.ExtrinsicValueEstimate.mean": {
            "value": -2.9883859157562256,
            "min": -3.073418378829956,
            "max": 5.9412994384765625,
            "count": 40
        },
        "PreyController.Policy.ExtrinsicValueEstimate.sum": {
            "value": -442.2811279296875,
            "min": -442.2811279296875,
            "max": 528.775634765625,
            "count": 40
        },
        "PreyController.Environment.CumulativeReward.mean": {
            "value": -16.216216216216218,
            "min": -17.6056338028169,
            "max": 44.88636363636363,
            "count": 40
        },
        "PreyController.Environment.CumulativeReward.sum": {
            "value": -2400.0,
            "min": -2500.0,
            "max": 3950.0,
            "count": 40
        },
        "PreyController.Policy.ExtrinsicReward.mean": {
            "value": -16.216216216216218,
            "min": -17.6056338028169,
            "max": 44.88636363636363,
            "count": 40
        },
        "PreyController.Policy.ExtrinsicReward.sum": {
            "value": -2400.0,
            "min": -2500.0,
            "max": 3950.0,
            "count": 40
        },
        "PreyController.Losses.PolicyLoss.mean": {
            "value": 0.017629202235742315,
            "min": 0.014464613316667964,
            "max": 0.018925963349174707,
            "count": 40
        },
        "PreyController.Losses.PolicyLoss.sum": {
            "value": 0.05288760670722695,
            "min": 0.016345234259586925,
            "max": 0.054356756455181315,
            "count": 40
        },
        "PreyController.Losses.ValueLoss.mean": {
            "value": 60.06588383992513,
            "min": 27.215383548736572,
            "max": 64.67301442072942,
            "count": 40
        },
        "PreyController.Losses.ValueLoss.sum": {
            "value": 180.19765151977538,
            "min": 54.430767097473144,
            "max": 180.19765151977538,
            "count": 40
        },
        "PreyController.Policy.LearningRate.mean": {
            "value": 1.1218322116000007e-06,
            "min": 1.1218322116000007e-06,
            "max": 9.866765133235e-05,
            "count": 40
        },
        "PreyController.Policy.LearningRate.sum": {
            "value": 3.3654966348000024e-06,
            "min": 3.3654966348000024e-06,
            "max": 0.00027362957637045,
            "count": 40
        },
        "PreyController.Policy.Epsilon.mean": {
            "value": 0.10112173333333334,
            "min": 0.10112173333333334,
            "max": 0.19866765,
            "count": 40
        },
        "PreyController.Policy.Epsilon.sum": {
            "value": 0.3033652,
            "min": 0.19866765,
            "max": 0.57362955,
            "count": 40
        },
        "PreyController.Policy.Beta.mean": {
            "value": 6.597449333333336e-05,
            "min": 6.597449333333336e-05,
            "max": 0.004933515734999999,
            "count": 40
        },
        "PreyController.Policy.Beta.sum": {
            "value": 0.00019792348000000008,
            "min": 0.00019792348000000008,
            "max": 0.013684114545,
            "count": 40
        },
        "PreyController.IsTraining.mean": {
            "value": 1.0,
            "min": 1.0,
            "max": 1.0,
            "count": 40
        },
        "PreyController.IsTraining.sum": {
            "value": 1.0,
            "min": 1.0,
            "max": 1.0,
            "count": 40
        },
        "HunterController.Policy.Entropy.mean": {
            "value": 1.405019998550415,
            "min": 1.405019998550415,
            "max": 1.4229928255081177,
            "count": 40
        },
        "HunterController.Policy.Entropy.sum": {
            "value": 80254.7421875,
            "min": 55622.34375,
            "max": 87345.5859375,
            "count": 40
        },
        "HunterController.Environment.EpisodeLength.mean": {
            "value": 340.8606060606061,
            "min": 339.0979020979021,
            "max": 579.0117647058823,
            "count": 40
        },
        "HunterController.Environment.EpisodeLength.sum": {
            "value": 56242.0,
            "min": 39569.0,
            "max": 58767.0,
            "count": 40
        },
        "HunterController.Step.mean": {
            "value": 1999810.0,
            "min": 49916.0,
            "max": 1999810.0,
            "count": 40
        },
        "HunterController.Step.sum": {
            "value": 1999810.0,
            "min": 49916.0,
            "max": 1999810.0,
            "count": 40
        },
        "HunterController.Policy.ExtrinsicValueEstimate.mean": {
            "value": -3.8183040618896484,
            "min": -18.061237335205078,
            "max": -0.04155198484659195,
            "count": 40
        },
        "HunterController.Policy.ExtrinsicValueEstimate.sum": {
            "value": -565.1090087890625,
            "min": -1616.18212890625,
            "max": -4.113646507263184,
            "count": 40
        },
        "HunterController.Environment.CumulativeReward.mean": {
            "value": -16.12601355604223,
            "min": -121.7710221897472,
            "max": -16.12601355604223,
            "count": 40
        },
        "HunterController.Environment.CumulativeReward.sum": {
            "value": -2386.6500062942505,
            "min": -10715.849952697754,
            "max": -2386.6500062942505,
            "count": 40
        },
        "HunterController.Policy.ExtrinsicReward.mean": {
            "value": -16.12601355604223,
            "min": -121.7710221897472,
            "max": -16.12601355604223,
            "count": 40
        },
        "HunterController.Policy.ExtrinsicReward.sum": {
            "value": -2386.6500062942505,
            "min": -10715.849952697754,
            "max": -2386.6500062942505,
            "count": 40
        },
        "HunterController.IsTraining.mean": {
            "value": 1.0,
            "min": 1.0,
            "max": 1.0,
            "count": 40
        },
        "HunterController.IsTraining.sum": {
            "value": 1.0,
            "min": 1.0,
            "max": 1.0,
            "count": 40
        },
        "HunterController.Losses.PolicyLoss.mean": {
            "value": 0.012509313683588062,
            "min": 0.01000676292605931,
            "max": 0.01320540452223213,
            "count": 39
        },
        "HunterController.Losses.PolicyLoss.sum": {
            "value": 0.025018627367176124,
            "min": 0.01000676292605931,
            "max": 0.025636021591853932,
            "count": 39
        },
        "HunterController.Losses.ValueLoss.mean": {
            "value": 41.7479150390625,
            "min": 5.828830182552338,
            "max": 45.99676901817322,