{
    "name": "root",
    "gauges": {
        "HunterController.Policy.Entropy.mean": {
            "value": 1.3973617553710938,
            "min": 1.3973617553710938,
            "max": 1.4215049743652344,
            "count": 40
        },
        "HunterController.Policy.Entropy.sum": {
            "value": 69982.671875,
            "min": 68352.2578125,
            "max": 74409.2578125,
            "count": 40
        },
        "HunterController.Environment.EpisodeLength.mean": {
            "value": 145.23823529411766,
            "min": 145.23823529411766,
            "max": 287.83233532934133,
            "count": 40
        },
        "HunterController.Environment.EpisodeLength.sum": {
            "value": 49381.0,
            "min": 45553.0,
            "max": 51730.0,
            "count": 40
        },
        "HunterController.Step.mean": {
            "value": 1999963.0,
            "min": 49949.0,
            "max": 1999963.0,
            "count": 40
        },
        "HunterController.Step.sum": {
            "value": 1999963.0,
            "min": 49949.0,
            "max": 1999963.0,
            "count": 40
        },
        "HunterController.Policy.ExtrinsicValueEstimate.mean": {
            "value": -0.1602322906255722,
            "min": -22.934345245361328,
            "max": 0.42811518907546997,
            "count": 40
        },
        "HunterController.Policy.ExtrinsicValueEstimate.sum": {
            "value": -151.57974243164062,
            "min": -19310.71875,
            "max": 404.56884765625,
            "count": 40
        },
        "HunterController.Environment.CumulativeReward.mean": {
            "value": 23.682500554358256,
            "min": -61.61470554856693,
            "max": 25.43474358878467,
            "count": 40
        },
        "HunterController.Environment.CumulativeReward.sum": {
            "value": 8052.050188481808,
            "min": -10673.399936199188,
            "max": 8418.900127887726,
            "count": 40
        },
        "HunterController.Policy.ExtrinsicReward.mean": {
            "value": 23.682500554358256,
            "min": -61.61470554856693,
            "max": 25.43474358878467,
            "count": 40
        },
        "HunterController.Policy.ExtrinsicReward.sum": {
            "value": 8052.050188481808,
            "min": -10673.399936199188,
            "max": 8418.900127887726,
            "count": 40
        },
        "HunterController.Losses.PolicyLoss.mean": {
            "value": 0.024356587241442563,
            "min": 0.01960717455066818,
            "max": 0.026131979793353823,
            "count": 40
        },
        "HunterController.Losses.PolicyLoss.sum": {
            "value": 0.12178293620721281,
            "min": 0.08973895966579827,
            "max": 0.12949579176808282,
            "count": 40
        },
        "HunterController.Losses.ValueLoss.mean": {
            "value": 91.86379549662271,
            "min": 12.813409576416015,
            "max": 99.50132619222005,
            "count": 40
        },
        "HunterController.Losses.ValueLoss.sum": {
            "value": 459.3189774831136,
            "min": 64.06704788208008,
            "max": 497.50663096110026,
            "count": 40
        },
        "HunterController.Policy.LearningRate.mean": {
            "value": 1.3263286737699994e-06,
            "min": 1.3263286737699994e-06,
            "max": 9.864173885826252e-05,
            "count": 40
        },
        "HunterController.Policy.LearningRate.sum": {
            "value": 6.631643368849997e-06,
            "min": 6.631643368849997e-06,
            "max": 0.00048116671883329984,
            "count": 40
        },
        "HunterController.Policy.Epsilon.mean": {
            "value": 0.10132623,
            "min": 0.10132623,
            "max": 0.1986417375,
            "count": 40
        },
        "HunterController.Policy.Epsilon.sum": {
            "value": 0.50663115,
            "min": 0.42487969999999997,
            "max": 0.9811667000000002,
            "count": 40
        },
        "HunterController.Policy.Beta.mean": {
            "value": 7.617887699999998e-05,
            "min": 7.617887699999998e-05,
            "max": 0.004932222701250001,
            "count": 40
        },
        "HunterController.Policy.Beta.sum": {
            "value": 0.0003808943849999999,
            "min": 0.0003808943849999999,
            "max": 0.02406021833,
            "count": 40
        },
        "HunterController.IsTraining.mean": {
            "value": 1.0,
            "min": 1.0,
            "max": 1.0,
            "count": 40
        },
        "HunterController.IsTraining.sum": {
            "value": 1.0,
            "min": 1.0,
            "max": 1.0,
            "count": 40
        },
        "PreyController.Policy.Entropy.mean": {
            "value": 1.432072639465332,
            "min": 1.4198635816574097,
            "max": 1.4323991537094116,
            "count": 40
        },
        "PreyController.Policy.Entropy.sum": {
            "value": 71721.0625,
            "min": 69891.7421875,
            "max": 74440.609375,
            "count": 40
        },
        "PreyController.Environment.EpisodeLength.mean": {
            "value": 145.23823529411766,
            "min": 145.23823529411766,
            "max": 287.83233532934133,
            "count": 40
        },
        "PreyController.Environment.EpisodeLength.sum": {
            "value": 49381.0,
            "min": 45553.0,
            "max": 51730.0,
            "count": 40
        },
        "PreyController.Step.mean": {
            "value": 1999963.0,
            "min": 49949.0,
            "max": 1999963.0,
            "count": 40
        },
        "PreyController.Step.sum": {
            "value": 1999963.0,
            "min": 49949.0,
            "max": 1999963.0,
            "count": 40
        },
        "PreyController.Policy.ExtrinsicValueEstimate.mean": {
            "value": -8.095511436462402,
            "min": -8.302160263061523,
            "max": 12.460160255432129,
            "count": 40
        },
        "PreyController.Policy.ExtrinsicValueEstimate.sum": {
            "value": -7658.35400390625,
            "min": -7845.541015625,
            "max": 10553.755859375,
            "count": 40
        },
        "PreyController.Environment.CumulativeReward.mean": {
            "value": -24.264705882352942,
            "min": -25.449101796407184,
            "max": 42.21556886227545,
            "count": 40
        },
        "PreyController.Environment.CumulativeReward.sum": {
            "value": -8250.0,
            "min": -8500.0,
            "max": 7500.0,
            "count": 40
        },
        "PreyController.Policy.ExtrinsicReward.mean": {
            "value": -24.264705882352942,
            "min": -25.449101796407184,
            "max": 42.21556886227545,
            "count": 40
        },
        "PreyController.Policy.ExtrinsicReward.sum": {
            "value": -8250.0,
            "min": -8500.0,
            "max": 7500.0,
            "count": 40
        },
        "PreyController.Losses.PolicyLoss.mean": {
            "value": 0.02339760258386377,
            "min": 0.02086097714326267,
            "max": 0.02623112835130693,
            "count": 40
        },
        "PreyController.Losses.PolicyLoss.sum": {
            "value": 0.11698801291931885,
            "min": 0.08752107309434602,
            "max": 0.13115564175653466,
            "count": 40
        },
        "PreyController.Losses.ValueLoss.mean": {
            "value": 129.76476196289065,
            "min": 49.72986829121907,
            "max": 129.76476196289065,
            "count": 40
        },
        "PreyController.Losses.ValueLoss.sum": {
            "value": 648.8238098144532,
            "min": 210.71163400014242,
            "max": 648.8238098144532,
            "count": 40
        },