{
    "name": "root",
    "gauges": {
        "HunterController.Policy.Entropy.mean": {
            "value": 1.3366103172302246,
            "min": 1.3366103172302246,
            "max": 1.4226224422454834,
            "count": 40
        },
        "HunterController.Policy.Entropy.sum": {
            "value": 72938.828125,
            "min": 59453.859375,
            "max": 87128.4921875,
            "count": 40
        },
        "HunterController.Environment.EpisodeLength.mean": {
            "value": 338.5,
            "min": 330.2384105960265,
            "max": 590.9466666666667,
            "count": 40
        },
        "HunterController.Environment.EpisodeLength.sum": {
            "value": 49421.0,
            "min": 43431.0,
            "max": 56568.0,
            "count": 40
        },
        "HunterController.Step.mean": {
            "value": 1999895.0,
            "min": 49670.0,
            "max": 1999895.0,
            "count": 40
        },
        "HunterController.Step.sum": {
            "value": 1999895.0,
            "min": 49670.0,
            "max": 1999895.0,
            "count": 40
        },
        "HunterController.Policy.ExtrinsicValueEstimate.mean": {
            "value": -4.041903972625732,
            "min": -9.889904975891113,
            "max": -0.04741302877664566,
            "count": 40
        },
        "HunterController.Policy.ExtrinsicValueEstimate.sum": {
            "value": -594.159912109375,
            "min": -992.3593139648438,
            "max": -4.599063873291016,
            "count": 40
        },
        "HunterController.Environment.CumulativeReward.mean": {
            "value": -11.446939698692892,
            "min": -120.62023907616025,
            "max": -8.338080260927313,
            "count": 40
        },
        "HunterController.Environment.CumulativeReward.sum": {
            "value": -1682.7001357078552,
            "min": -11107.24997138977,
            "max": -1259.0501194000244,
            "count": 40
        },
        "HunterController.Policy.ExtrinsicReward.mean": {
            "value": -11.446939698692892,
            "min": -120.62023907616025,
            "max": -8.338080260927313,
            "count": 40
        },
        "HunterController.Policy.ExtrinsicReward.sum": {
            "value": -1682.7001357078552,
            "min": -11107.24997138977,
            "max": -1259.0501194000244,
            "count": 40
        },
        "HunterController.IsTraining.mean": {
            "value": 1.0,
            "min": 1.0,
            "max": 1.0,
            "count": 40
        },
        "HunterController.IsTraining.sum": {
            "value": 1.0,
            "min": 1.0,
            "max": 1.0,
            "count": 40
        },
        "HunterController.Losses.PolicyLoss.mean": {
            "value": 0.013041687983204611,
            "min": 0.010786296024452895,
            "max": 0.014021629164926708,
            "count": 39
        },
        "HunterController.Losses.PolicyLoss.sum": {
            "value": 0.013041687983204611,
            "min": 0.010786296024452895,
            "max": 0.027691135221393777,
            "count": 39
        },
        "HunterController.Losses.ValueLoss.mean": {
            "value": 57.74342472076416,
            "min": 17.06053575515747,
            "max": 57.74342472076416,
            "count": 39
        },
        "HunterController.Losses.ValueLoss.sum": {
            "value": 57.74342472076416,
            "min": 17.06053575515747,
            "max": 104.79138553619384,
            "count": 39
        },
        "HunterController.Policy.LearningRate.mean": {
            "value": 1.898948101149996e-06,
            "min": 1.898948101149996e-06,
            "max": 9.640660359339999e-05,
            "count": 39
        },
        "HunterController.Policy.LearningRate.sum": {
            "value": 1.898948101149996e-06,
            "min": 1.898948101149996e-06,
            "max": 0.00019281320718679998,
            "count": 39
        },
        "HunterController.Policy.Epsilon.mean": {
            "value": 0.10189884999999999,
            "min": 0.10189884999999999,
            "max": 0.19640660000000001,
            "count": 39
        },
        "HunterController.Policy.Epsilon.sum": {
            "value": 0.10189884999999999,
            "min": 0.10189884999999999,
            "max": 0.39281320000000003,
            "count": 39
        },
        "HunterController.Policy.Beta.mean": {
            "value": 0.00010475261499999981,
            "min": 0.00010475261499999981,
            "max": 0.004820689340000002,
            "count": 39
        },
        "HunterController.Policy.Beta.sum": {
            "value": 0.00010475261499999981,
            "min": 0.00010475261499999981,
            "max": 0.009641378680000003,
            "count": 39
        },
        "PreyController.Policy.Entropy.mean": {
            "value": 1.387888789176941,
            "min": 1.387888789176941,
            "max": 1.4251494407653809,
            "count": 40
        },
        "PreyController.Policy.Entropy.sum": {
            "value": 75737.09375,
            "min": 59500.31640625,
            "max": 86947.0390625,
            "count": 40
        },
        "PreyController.Environment.EpisodeLength.mean": {
            "value": 338.5,
            "min": 330.2384105960265,
            "max": 590.9466666666667,
            "count": 40
        },
        "PreyController.Environment.EpisodeLength.sum": {
            "value": 49421.0,
            "min": 43431.0,
            "max": 56568.0,
            "count": 40
        },
        "PreyController.Step.mean": {
            "value": 1999895.0,
            "min": 49670.0,
            "max": 1999895.0,
            "count": 40
        },
        "PreyController.Step.sum": {
            "value": 1999895.0,
            "min": 49670.0,
            "max": 1999895.0,
            "count": 40
        },
        "PreyController.Policy.ExtrinsicValueEstimate.mean": {
            "value": -4.2064127922058105,
            "min": -5.645304203033447,
            "max": 5.479918003082275,
            "count": 40
        },
        "PreyController.Policy.ExtrinsicValueEstimate.sum": {
            "value": -618.3426513671875,
            "min": -762.1160888671875,
            "max": 504.1524353027344,
            "count": 40
        },
        "PreyController.Environment.CumulativeReward.mean": {
            "value": -27.891156462585034,
            "min": -34.83606557377049,
            "max": 47.023809523809526,
            "count": 40
        },
        "PreyController.Environment.CumulativeReward.sum": {
            "value": -4100.0,
            "min": -4250.0,
            "max": 3950.0,
            "count": 40
        },
        "PreyController.Policy.ExtrinsicReward.mean": {
            "value": -27.891156462585034,
            "min": -34.83606557377049,
            "max": 47.023809523809526,
            "count": 40
        },
        "PreyController.Policy.ExtrinsicReward.sum": {
            "value": -4100.0,
            "min": -4250.0,
            "max": 3950.0,
            "count": 40
        },
        "PreyController.Losses.PolicyLoss.mean": {
            "value": 0.017813215799396858,
            "min": 0.013698697886429726,
            "max": 0.020780215095728635,
            "count": 40
        },
        "PreyController.Losses.PolicyLoss.sum": {
            "value": 0.035626431598793716,
            "min": 0.016991938774784405,
            "max": 0.06050853819004259,
            "count": 40
        },
        "PreyController.Losses.ValueLoss.mean": {
            "value": 72.21089088439942,
            "min": 31.080626373291018,
            "max": 78.12841061909994,
            "count": 40
        },
        "PreyController.Losses.ValueLoss.sum": {
            "value": 144.42178176879884,
            "min": 55.65095462799072,
            "max": 234.3852318572998,
            "count": 40
        },