{
    "name": "root",
    "gauges": {
        "PreyController.Policy.Entropy.mean": {
            "value": 1.4307854175567627,
            "min": 1.419002652168274,
            "max": 1.434149980545044,
            "count": 40
        },
        "PreyController.Policy.Entropy.sum": {
            "value": 71510.65625,
            "min": 68581.578125,
            "max": 83658.71875,
            "count": 40
        },
        "PreyController.Environment.EpisodeLength.mean": {
            "value": 116.31381733021077,
            "min": 106.45238095238095,
            "max": 291.21176470588233,
            "count": 40
        },
        "PreyController.Environment.EpisodeLength.sum": {
            "value": 49666.0,
            "min": 48147.0,
            "max": 51815.0,
            "count": 40
        },
        "PreyController.Step.mean": {
            "value": 1999889.0,
            "min": 49904.0,
            "max": 1999889.0,
            "count": 40
        },
        "PreyController.Step.sum": {
            "value": 1999889.0,
            "min": 49904.0,
            "max": 1999889.0,
            "count": 40
        },
        "PreyController.Policy.ExtrinsicValueEstimate.mean": {
            "value": -20.400760650634766,
            "min": -20.400760650634766,
            "max": 11.297294616699219,
            "count": 40
        },
        "PreyController.Policy.ExtrinsicValueEstimate.sum": {
            "value": -8711.125,
            "min": -9003.30859375,
            "max": 1965.729248046875,
            "count": 40
        },
        "PreyController.Environment.CumulativeReward.mean": {
            "value": -36.18266978922717,
            "min": -42.33261339092873,
            "max": 43.93063583815029,
            "count": 40
        },
        "PreyController.Environment.CumulativeReward.sum": {
            "value": -15450.0,
            "min": -19600.0,
            "max": 7600.0,
            "count": 40
        },
        "PreyController.Policy.ExtrinsicReward.mean": {
            "value": -36.18266978922717,
            "min": -42.33261339092873,
            "max": 43.93063583815029,
            "count": 40
        },
        "PreyController.Policy.ExtrinsicReward.sum": {
            "value": -15450.0,
            "min": -19600.0,
            "max": 7600.0,
            "count": 40
        },
        "PreyController.Losses.PolicyLoss.mean": {
            "value": 0.017135550316985854,
            "min": 0.01275795869914873,
            "max": 0.020467757673759482,
            "count": 40
        },
        "PreyController.Losses.PolicyLoss.sum": {
            "value": 0.05140665095095756,
            "min": 0.02551591739829746,
            "max": 0.05195476844746736,
            "count": 40
        },
        "PreyController.Losses.ValueLoss.mean": {
            "value": 128.25051358540853,
            "min": 48.724084822336835,
            "max": 139.27022647857666,
            "count": 40
        },
        "PreyController.Losses.ValueLoss.sum": {
            "value": 384.7515407562256,
            "min": 97.73723611831664,
            "max": 400.68731746673586,
            "count": 40
        },
        "PreyController.Policy.LearningRate.mean": {
            "value": 1.2692987307999999e-06,
            "min": 1.2692987307999999e-06,
            "max": 9.8217226782775e-05,
            "count": 40
        },
        "PreyController.Policy.LearningRate.sum": {
            "value": 3.8078961923999996e-06,
            "min": 3.8078961923999996e-06,
            "max": 0.00028065226934775,
            "count": 40
        },
        "PreyController.Policy.Epsilon.mean": {
            "value": 0.10126919999999999,
            "min": 0.10126919999999999,
            "max": 0.198217225,
            "count": 40
        },
        "PreyController.Policy.Epsilon.sum": {
            "value": 0.30380759999999996,
            "min": 0.20771270000000003,
            "max": 0.5806522500000001,
            "count": 40
        },
        "PreyController.Policy.Beta.mean": {
            "value": 7.333308e-05,
            "min": 7.333308e-05,
            "max": 0.004911039527500001,
            "count": 40
        },
        "PreyController.Policy.Beta.sum": {
            "value": 0.00021999924,
            "min": 0.00021999924,
            "max": 0.014034547275,
            "count": 40
        },
        "PreyController.IsTraining.mean": {
            "value": 1.0,
            "min": 1.0,
            "max": 1.0,
            "count": 40
        },
        "PreyController.IsTraining.sum": {
            "value": 1.0,
            "min": 1.0,
            "max": 1.0,
            "count": 40
        },
        "HunterController.Policy.Entropy.mean": {
            "value": 1.4152051210403442,
            "min": 1.4152051210403442,
            "max": 1.4231632947921753,
            "count": 40
        },
        "HunterController.Policy.Entropy.sum": {
            "value": 70731.953125,
            "min": 68570.7109375,
            "max": 83655.203125,
            "count": 40
        },
        "HunterController.Environment.EpisodeLength.mean": {
            "value": 116.31381733021077,
            "min": 106.45238095238095,
            "max": 291.21176470588233,
            "count": 40
        },
        "HunterController.Environment.EpisodeLength.sum": {
            "value": 49666.0,
            "min": 48147.0,
            "max": 51815.0,
            "count": 40
        },
        "HunterController.Step.mean": {
            "value": 1999889.0,
            "min": 49904.0,
            "max": 1999889.0,
            "count": 40
        },
        "HunterController.Step.sum": {
            "value": 1999889.0,
            "min": 49904.0,
            "max": 1999889.0,
            "count": 40
        },
        "HunterController.Policy.ExtrinsicValueEstimate.mean": {
            "value": 16.817384719848633,
            "min": -18.88195037841797,
            "max": 17.014665603637695,
            "count": 40
        },
        "HunterController.Policy.ExtrinsicValueEstimate.sum": {
            "value": 7181.02294921875,
            "min": -3285.45947265625,
            "max": 7877.7900390625,
            "count": 40
        },
        "HunterController.Environment.CumulativeReward.mean": {
            "value": 35.52704931031346,
            "min": -63.33121309390647,
            "max": 41.855939834215725,
            "count": 40
        },
        "HunterController.Environment.CumulativeReward.sum": {
            "value": 15170.050055503845,
            "min": -11052.349878787994,
            "max": 19379.300143241882,
            "count": 40
        },
        "HunterController.Policy.ExtrinsicReward.mean": {
            "value": 35.52704931031346,
            "min": -63.33121309390647,
            "max": 41.855939834215725,
            "count": 40
        },
        "HunterController.Policy.ExtrinsicReward.sum": {
            "value": 15170.050055503845,
            "min": -11052.349878787994,
            "max": 19379.300143241882,
            "count": 40
        },
        "HunterController.Losses.PolicyLoss.mean": {
            "value": 0.0159554423824981,
            "min": 0.014420427392724377,
            "max": 0.019579382081914787,
            "count": 40
        },
        "HunterController.Losses.PolicyLoss.sum": {
            "value": 0.0478663271474943,
            "min": 0.028840854785448754,
            "max": 0.054781414126046,
            "count": 40
        },
        "HunterController.Losses.ValueLoss.mean": {
            "value": 104.50134766896565,
            "min": 13.936464393138886,
            "max": 109.33645811080933,
            "count": 40
        },
        "HunterController.Losses.ValueLoss.sum": {
            "value": 313.50404300689695,
            "min": 27.87292878627777,
            "max": 326.72727966308594,
            "count": 40
        },