{
    "name": "root",
    "gauges": {
        "HunterController.Policy.Entropy.mean": {
            "value": 1.4198167324066162,
            "min": 1.4182579517364502,
            "max": 1.4230380058288574,
            "count": 40
        },
        "HunterController.Policy.Entropy.sum": {
            "value": 72700.296875,
            "min": 65170.37109375,
            "max": 86907.2890625,
            "count": 40
        },
        "HunterController.Environment.EpisodeLength.mean": {
            "value": 146.35,
            "min": 146.35,
            "max": 297.9940476190476,
            "count": 40
        },
        "HunterController.Environment.EpisodeLength.sum": {
            "value": 49759.0,
            "min": 45718.0,
            "max": 55772.0,
            "count": 40
        },
        "HunterController.Step.mean": {
            "value": 1999963.0,
            "min": 49968.0,
            "max": 1999963.0,
            "count": 40
        },
        "HunterController.Step.sum": {
            "value": 1999963.0,
            "min": 49968.0,
            "max": 1999963.0,
            "count": 40
        },
        "HunterController.Policy.ExtrinsicValueEstimate.mean": {
            "value": 8.34391975402832,
            "min": -21.415939331054688,
            "max": 8.34391975402832,
            "count": 40
        },
        "HunterController.Policy.ExtrinsicValueEstimate.sum": {
            "value": 2836.9326171875,
            "min": -3576.4619140625,
            "max": 2836.9326171875,
            "count": 40
        },
        "HunterController.Environment.CumulativeReward.mean": {
            "value": 28.592059212572433,
            "min": -67.31022668426687,
            "max": 28.592059212572433,
            "count": 40
        },
        "HunterController.Environment.CumulativeReward.sum": {
            "value": 9721.300132274628,
            "min": -11846.59989643097,
            "max": 9721.300132274628,
            "count": 40
        },
        "HunterController.Policy.ExtrinsicReward.mean": {
            "value": 28.592059212572433,
            "min": -67.31022668426687,
            "max": 28.592059212572433,
            "count": 40
        },
        "HunterController.Policy.ExtrinsicReward.sum": {
            "value": 9721.300132274628,
            "min": -11846.59989643097,
            "max": 9721.300132274628,
            "count": 40
        },
        "HunterController.Losses.PolicyLoss.mean": {
            "value": 0.015175471935314514,
            "min": 0.01192452885164433,
            "max": 0.019222732211346738,
            "count": 40
        },
        "HunterController.Losses.PolicyLoss.sum": {
            "value": 0.03035094387062903,
            "min": 0.02384905770328866,
            "max": 0.055285340688230156,
            "count": 40
        },
        "HunterController.Losses.ValueLoss.mean": {
            "value": 113.36737912495931,
            "min": 6.679427126682166,
            "max": 113.36737912495931,
            "count": 40
        },
        "HunterController.Losses.ValueLoss.sum": {
            "value": 226.73475824991863,
            "min": 13.358854253364331,
            "max": 316.6691518147787,
            "count": 40
        },
        "HunterController.Policy.LearningRate.mean": {
            "value": 1.4931985069000024e-06,
            "min": 1.4931985069000024e-06,
            "max": 9.82998017002e-05,
            "count": 40
        },
        "HunterController.Policy.LearningRate.sum": {
            "value": 2.986397013800005e-06,
            "min": 2.986397013800005e-06,
            "max": 0.00028075476924525005,
            "count": 40
        },
        "HunterController.Policy.Epsilon.mean": {
            "value": 0.10149310000000003,
            "min": 0.10149310000000003,
            "max": 0.19829980000000003,
            "count": 40
        },
        "HunterController.Policy.Epsilon.sum": {
            "value": 0.20298620000000006,
            "min": 0.20298620000000006,
            "max": 0.5807547500000001,
            "count": 40
        },
        "HunterController.Policy.Beta.mean": {
            "value": 8.450569000000012e-05,
            "min": 8.450569000000012e-05,
            "max": 0.00491516002,
            "count": 40
        },
        "HunterController.Policy.Beta.sum": {
            "value": 0.00016901138000000024,
            "min": 0.00016901138000000024,
            "max": 0.014039662024999996,
            "count": 40
        },
        "HunterController.IsTraining.mean": {
            "value": 1.0,
            "min": 1.0,
            "max": 1.0,
            "count": 40
        },
        "HunterController.IsTraining.sum": {
            "value": 1.0,
            "min": 1.0,
            "max": 1.0,
            "count": 40
        },
        "PreyController.Policy.Entropy.mean": {
            "value": 1.425783395767212,
            "min": 1.4194796085357666,
            "max": 1.4265214204788208,
            "count": 40
        },
        "PreyController.Policy.Entropy.sum": {
            "value": 71696.9453125,
            "min": 65223.38671875,
            "max": 86944.546875,
            "count": 40
        },
        "PreyController.Environment.EpisodeLength.mean": {
            "value": 146.4924924924925,
            "min": 146.4924924924925,
            "max": 298.0,
            "count": 40
        },
        "PreyController.Environment.EpisodeLength.sum": {
            "value": 48782.0,
            "min": 45718.0,
            "max": 55772.0,
            "count": 40
        },
        "PreyController.Step.mean": {
            "value": 1999963.0,
            "min": 49968.0,
            "max": 1999963.0,
            "count": 40
        },
        "PreyController.Step.sum": {
            "value": 1999963.0,
            "min": 49968.0,
            "max": 1999963.0,
            "count": 40
        },
        "PreyController.Policy.ExtrinsicValueEstimate.mean": {
            "value": -11.461088180541992,
            "min": -11.461088180541992,
            "max": 12.478852272033691,
            "count": 40
        },
        "PreyController.Policy.ExtrinsicValueEstimate.sum": {
            "value": -3896.77001953125,
            "min": -3896.77001953125,
            "max": 2094.66650390625,
            "count": 40
        },
        "PreyController.Environment.CumulativeReward.mean": {
            "value": -30.735294117647058,
            "min": -31.2874251497006,
            "max": 49.40119760479042,
            "count": 40
        },
        "PreyController.Environment.CumulativeReward.sum": {
            "value": -10450.0,
            "min": -10450.0,
            "max": 8250.0,
            "count": 40
        },
        "PreyController.Policy.ExtrinsicReward.mean": {
            "value": -30.735294117647058,
            "min": -31.2874251497006,
            "max": 49.40119760479042,
            "count": 40
        },
        "PreyController.Policy.ExtrinsicReward.sum": {
            "value": -10450.0,
            "min": -10450.0,
            "max": 8250.0,
            "count": 40
        },
        "PreyController.Losses.PolicyLoss.mean": {
            "value": 0.015369415044877616,
            "min": 0.012465791238476716,
            "max": 0.020355205608454222,
            "count": 40
        },
        "PreyController.Losses.PolicyLoss.sum": {
            "value": 0.030738830089755233,
            "min": 0.024931582476953432,
            "max": 0.06106561682536267,
            "count": 40
        },
        "PreyController.Losses.ValueLoss.mean": {
            "value": 122.34372965494791,
            "min": 41.81181729634603,
            "max": 122.34372965494791,
            "count": 40
        },
        "PreyController.Losses.ValueLoss.sum": {
            "value": 244.68745930989581,
            "min": 83.62363459269206,
            "max": 363.25950520833334,
            "count": 40
        },