{
    "name": "root",
    "gauges": {
        "HunterController.Policy.Entropy.mean": {
            "value": 1.4123039245605469,
            "min": 1.4120934009552002,
            "max": 1.422150731086731,
            "count": 40
        },
        "HunterController.Policy.Entropy.sum": {
            "value": 66481.3828125,
            "min": 56216.58203125,
            "max": 89176.6328125,
            "count": 40
        },
        "HunterController.Environment.EpisodeLength.mean": {
            "value": 339.9109589041096,
            "min": 316.2356687898089,
            "max": 590.5411764705882,
            "count": 40
        },
        "HunterController.Environment.EpisodeLength.sum": {
            "value": 49627.0,
            "min": 40649.0,
            "max": 61328.0,
            "count": 40
        },
        "HunterController.Step.mean": {
            "value": 1999895.0,
            "min": 49475.0,
            "max": 1999895.0,
            "count": 40
        },
        "HunterController.Step.sum": {
            "value": 1999895.0,
            "min": 49475.0,
            "max": 1999895.0,
            "count": 40
        },
        "HunterController.Policy.ExtrinsicValueEstimate.mean": {
            "value": -4.673280715942383,
            "min": -18.648542404174805,
            "max": -0.02913905866444111,
            "count": 40
        },
        "HunterController.Policy.ExtrinsicValueEstimate.sum": {
            "value": -682.2989501953125,
            "min": -1659.25732421875,
            "max": -2.826488733291626,
            "count": 40
        },
        "HunterController.Environment.CumulativeReward.mean": {
            "value": -13.083561613135142,
            "min": -121.109411351821,
            "max": -5.386305523526137,
            "count": 40
        },
        "HunterController.Environment.CumulativeReward.sum": {
            "value": -1910.1999955177307,
            "min": -11163.999951839447,
            "max": -845.6499671936035,
            "count": 40
        },
        "HunterController.Policy.ExtrinsicReward.mean": {
            "value": -13.083561613135142,
            "min": -121.109411351821,
            "max": -5.386305523526137,
            "count": 40
        },
        "HunterController.Policy.ExtrinsicReward.sum": {
            "value": -1910.1999955177307,
            "min": -11163.999951839447,
            "max": -845.6499671936035,
            "count": 40
        },
        "HunterController.IsTraining.mean": {
            "value": 1.0,
            "min": 1.0,
            "max": 1.0,
            "count": 40
        },
        "HunterController.IsTraining.sum": {
            "value": 1.0,
            "min": 1.0,
            "max": 1.0,
            "count": 40
        },
        "HunterController.Losses.PolicyLoss.mean": {
            "value": 0.011862323941968497,
            "min": 0.010093210811996869,
            "max": 0.014332811603380832,
            "count": 39
        },
        "HunterController.Losses.PolicyLoss.sum": {
            "value": 0.023724647883936995,
            "min": 0.010093210811996869,
            "max": 0.026482912982464767,
            "count": 39
        },
        "HunterController.Losses.ValueLoss.mean": {
            "value": 57.03973106384277,
            "min": 6.721979570388794,
            "max": 60.78712005615235,
            "count": 39
        },
        "HunterController.Losses.ValueLoss.sum": {
            "value": 114.07946212768555,
            "min": 6.721979570388794,
            "max": 114.07946212768555,
            "count": 39
        },
        "HunterController.Policy.LearningRate.mean": {
            "value": 1.3012736988249989e-06,
            "min": 1.3012736988249989e-06,
            "max": 9.6424578575425e-05,
            "count": 39
        },
        "HunterController.Policy.LearningRate.sum": {
            "value": 2.6025473976499978e-06,
            "min": 2.6025473976499978e-06,
            "max": 0.00019284915715085,
            "count": 39
        },
        "HunterController.Policy.Epsilon.mean": {
            "value": 0.10130117500000005,
            "min": 0.10130117500000005,
            "max": 0.196424575,
            "count": 39
        },
        "HunterController.Policy.Epsilon.sum": {
            "value": 0.2026023500000001,
            "min": 0.10439515000000002,
            "max": 0.39284915,
            "count": 39
        },
        "HunterController.Policy.Beta.mean": {
            "value": 7.492863249999998e-05,
            "min": 7.492863249999998e-05,
            "max": 0.004821586292499999,
            "count": 39
        },
        "HunterController.Policy.Beta.sum": {
            "value": 0.00014985726499999996,
            "min": 0.00014985726499999996,
            "max": 0.009643172584999998,
            "count": 39
        },
        "PreyController.Policy.Entropy.mean": {
            "value": 1.4330495595932007,
            "min": 1.4189114570617676,
            "max": 1.4335675239562988,
            "count": 40
        },
        "PreyController.Policy.Entropy.sum": {
            "value": 67238.6875,
            "min": 65562.8515625,
            "max": 87133.609375,
            "count": 40
        },
        "PreyController.Environment.EpisodeLength.mean": {
            "value": 339.9109589041096,
            "min": 307.1689189189189,
            "max": 590.5411764705882,
            "count": 40
        },
        "PreyController.Environment.EpisodeLength.sum": {
            "value": 49627.0,
            "min": 44852.0,
            "max": 55302.0,
            "count": 40
        },
        "PreyController.Step.mean": {
            "value": 1999895.0,
            "min": 49475.0,
            "max": 1999895.0,
            "count": 40
        },
        "PreyController.Step.sum": {
            "value": 1999895.0,
            "min": 49475.0,
            "max": 1999895.0,
            "count": 40
        },
        "PreyController.Policy.ExtrinsicValueEstimate.mean": {
            "value": -3.8107409477233887,
            "min": -4.066404819488525,
            "max": 6.411973476409912,
            "count": 40
        },
        "PreyController.Policy.ExtrinsicValueEstimate.sum": {
            "value": -556.3681640625,
            "min": -577.4295043945312,
            "max": 557.8416748046875,
            "count": 40
        },
        "PreyController.Environment.CumulativeReward.mean": {
            "value": -21.575342465753426,
            "min": -25.796178343949045,
            "max": 45.88235294117647,
            "count": 40
        },
        "PreyController.Environment.CumulativeReward.sum": {
            "value": -3150.0,
            "min": -4050.0,
            "max": 3900.0,
            "count": 40
        },
        "PreyController.Policy.ExtrinsicReward.mean": {
            "value": -21.575342465753426,
            "min": -25.796178343949045,
            "max": 45.88235294117647,
            "count": 40
        },
        "PreyController.Policy.ExtrinsicReward.sum": {
            "value": -3150.0,
            "min": -4050.0,
            "max": 3900.0,
            "count": 40
        },
        "PreyController.Losses.PolicyLoss.mean": {
            "value": 0.017011407060393443,
            "min": 0.014100613552339686,
            "max": 0.019298845966113733,
            "count": 40
        },
        "PreyController.Losses.PolicyLoss.sum": {
            "value": 0.05103422118118033,
            "min": 0.015218361037841532,
            "max": 0.05542015554528916,
            "count": 40
        },
        "PreyController.Losses.ValueLoss.mean": {
            "value": 59.956765492757164,
            "min": 27.732889385223388,
            "max": 64.14210037231445,
            "count": 40
        },
        "PreyController.Losses.ValueLoss.sum": {
            "value": 179.87029647827148,
            "min": 47.71697476704915,
            "max": 179.87029647827148,
            "count": 40
        },