{
    "name": "root",
    "gauges": {
        "HunterController.Policy.Entropy.mean": {
            "value": 1.5166760683059692,
            "min": 1.4228029251098633,
            "max": 1.5952284336090088,
            "count": 40
        },
        "HunterController.Policy.Entropy.sum": {
            "value": 75958.171875,
            "min": 71606.359375,
            "max": 80647.4453125,
            "count": 40
        },
        "HunterController.Step.mean": {
            "value": 1999997.0,
            "min": 49979.0,
            "max": 1999997.0,
            "count": 40
        },
        "HunterController.Step.sum": {
            "value": 1999997.0,
            "min": 49979.0,
            "max": 1999997.0,
            "count": 40
        },
        "HunterController.Policy.ExtrinsicValueEstimate.mean": {
            "value": -20.407581329345703,
            "min": -27.285425186157227,
            "max": -5.597646236419678,
            "count": 40
        },
        "HunterController.Policy.ExtrinsicValueEstimate.sum": {
            "value": -17448.482421875,
            "min": -23465.46484375,
            "max": -4679.63232421875,
            "count": 40
        },
        "HunterController.Environment.EpisodeLength.mean": {
            "value": 251.255,
            "min": 235.66985645933013,
            "max": 290.8693181818182,
            "count": 40
        },
        "HunterController.Environment.EpisodeLength.sum": {
            "value": 50251.0,
            "min": 46617.0,
            "max": 52309.0,
            "count": 40
        },
        "HunterController.Environment.CumulativeReward.mean": {
            "value": -41.25499962091446,
            "min": -68.8744016041596,
            "max": -41.25499962091446,
            "count": 40
        },
        "HunterController.Environment.CumulativeReward.sum": {
            "value": -8250.999924182892,
            "min": -14394.749935269356,
            "max": -8125.549957752228,
            "count": 40
        },
        "HunterController.Policy.ExtrinsicReward.mean": {
            "value": -41.25499962091446,
            "min": -68.8744016041596,
            "max": -41.25499962091446,
            "count": 40
        },
        "HunterController.Policy.ExtrinsicReward.sum": {
            "value": -8250.999924182892,
            "min": -14394.749935269356,
            "max": -8125.549957752228,
            "count": 40
        },
        "HunterController.Losses.PolicyLoss.mean": {
            "value": 0.02041454116862345,
            "min": 0.02041454116862345,
            "max": 0.03424637924642108,
            "count": 40
        },
        "HunterController.Losses.PolicyLoss.sum": {
            "value": 0.10207270584311724,
            "min": 0.0846486567000587,
            "max": 0.1662594622666802,
            "count": 40
        },
        "HunterController.Losses.ValueLoss.mean": {
            "value": 26.862361710866292,
            "min": 6.212392698923747,
            "max": 46.01193222681682,
            "count": 40
        },
        "HunterController.Losses.ValueLoss.sum": {
            "value": 134.31180855433146,
            "min": 31.061963494618734,
            "max": 230.05966113408408,
            "count": 40
        },
        "HunterController.Policy.LearningRate.mean": {
            "value": 4.2360098588e-05,
            "min": 4.2360098588e-05,
            "max": 0.0029595442513485255,
            "count": 40
        },
        "HunterController.Policy.LearningRate.sum": {
            "value": 0.00021180049294000001,
            "min": 0.00021180049294000001,
            "max": 0.014448919518369348,
            "count": 40
        },
        "HunterController.Policy.Epsilon.mean": {
            "value": 0.0988704,
            "min": 0.02107882,
            "max": 0.0988704,
            "count": 40
        },
        "HunterController.Policy.Epsilon.sum": {
            "value": 0.494352,
            "min": 0.08431528,
            "max": 0.494352,
            "count": 40
        },
        "HunterController.Policy.Beta.mean": {
            "value": 8.04588e-05,
            "min": 8.04588e-05,
            "max": 0.0049327086025,
            "count": 40
        },
        "HunterController.Policy.Beta.sum": {
            "value": 0.000402294,
            "min": 0.000402294,
            "max": 0.024083369435,
            "count": 40
        },
        "HunterController.IsTraining.mean": {
            "value": 1.0,
            "min": 1.0,
            "max": 1.0,
            "count": 40
        },
        "HunterController.IsTraining.sum": {
            "value": 1.0,
            "min": 1.0,
            "max": 1.0,
            "count": 40
        },
        "PreyController.Policy.Entropy.mean": {
            "value": 1.3885093927383423,
            "min": 1.3884106874465942,
            "max": 1.4344542026519775,
            "count": 40
        },
        "PreyController.Policy.Entropy.sum": {
            "value": 69539.328125,
            "min": 69251.1484375,
            "max": 72856.078125,
            "count": 40
        },
        "PreyController.Step.mean": {
            "value": 1999997.0,
            "min": 49979.0,
            "max": 1999997.0,
            "count": 40
        },
        "PreyController.Step.sum": {
            "value": 1999997.0,
            "min": 49979.0,
            "max": 1999997.0,
            "count": 40
        },
        "PreyController.Policy.ExtrinsicValueEstimate.mean": {
            "value": 10.315248489379883,
            "min": 2.349898099899292,
            "max": 13.898164749145508,
            "count": 40
        },
        "PreyController.Policy.ExtrinsicValueEstimate.sum": {
            "value": 8819.537109375,
            "min": 1964.514892578125,
            "max": 11632.763671875,
            "count": 40
        },
        "PreyController.Environment.EpisodeLength.mean": {
            "value": 251.255,
            "min": 235.66985645933013,
            "max": 290.8693181818182,
            "count": 40
        },
        "PreyController.Environment.EpisodeLength.sum": {
            "value": 50251.0,
            "min": 46617.0,
            "max": 52309.0,
            "count": 40
        },
        "PreyController.Environment.CumulativeReward.mean": {
            "value": 24.75,
            "min": 24.75,
            "max": 44.73684210526316,
            "count": 40
        },
        "PreyController.Environment.CumulativeReward.sum": {
            "value": 4950.0,
            "min": 4900.0,
            "max": 7700.0,
            "count": 40
        },
        "PreyController.Policy.ExtrinsicReward.mean": {
            "value": 24.75,
            "min": 24.75,
            "max": 44.73684210526316,
            "count": 40
        },
        "PreyController.Policy.ExtrinsicReward.sum": {
            "value": 4950.0,
            "min": 4900.0,
            "max": 7700.0,
            "count": 40
        },
        "PreyController.Losses.PolicyLoss.mean": {
            "value": 0.023327111748900887,
            "min": 0.019818606719915505,
            "max": 0.027717138714676064,
            "count": 40
        },
        "PreyController.Losses.PolicyLoss.sum": {
            "value": 0.11663555874450443,
            "min": 0.07927442687966202,
            "max": 0.1306372692097085,
            "count": 40
        },
        "PreyController.Losses.ValueLoss.mean": {
            "value": 69.86561714172363,
            "min": 42.16250204722086,
            "max": 82.43000768025715,
            "count": 40
        },
        "PreyController.Losses.ValueLoss.sum": {
            "value": 349.3280857086182,
            "min": 205.25996576944988,
            "max": 412.15003840128577,
            "count": 40
        },
        "PreyController.Policy.LearningRate.mean": {
            "value": 4.1267198624429976e-05,
            "min": 4.1267198624429976e-05,
            "max": 0.0029595442513485255,
            "count": 40
        },