{
    "name": "root",
    "gauges": {
        "PreyController.Policy.Entropy.mean": {
            "value": 1.7202534675598145,
            "min": 0.7845441102981567,
            "max": 1.7202534675598145,
            "count": 40
        },
        "PreyController.Policy.Entropy.sum": {
            "value": 84399.078125,
            "min": 39371.5625,
            "max": 88138.453125,
            "count": 40
        },
        "PreyController.Step.mean": {
            "value": 1999962.0,
            "min": 49970.0,
            "max": 1999962.0,
            "count": 40
        },
        "PreyController.Step.sum": {
            "value": 1999962.0,
            "min": 49970.0,
            "max": 1999962.0,
            "count": 40
        },
        "PreyController.Policy.ExtrinsicValueEstimate.mean": {
            "value": 12.556650161743164,
            "min": 2.113246202468872,
            "max": 14.8189697265625,
            "count": 40
        },
        "PreyController.Policy.ExtrinsicValueEstimate.sum": {
            "value": 10622.92578125,
            "min": 1783.579833984375,
            "max": 12433.115234375,
            "count": 40
        },
        "PreyController.Environment.EpisodeLength.mean": {
            "value": 270.30337078651684,
            "min": 262.8235294117647,
            "max": 291.4508670520231,
            "count": 40
        },
        "PreyController.Environment.EpisodeLength.sum": {
            "value": 48114.0,
            "min": 44680.0,
            "max": 51662.0,
            "count": 40
        },
        "PreyController.Environment.CumulativeReward.mean": {
            "value": 39.89071038251366,
            "min": 30.58823529411765,
            "max": 46.470588235294116,
            "count": 40
        },
        "PreyController.Environment.CumulativeReward.sum": {
            "value": 7300.0,
            "min": 5200.0,
            "max": 8100.0,
            "count": 40
        },
        "PreyController.Policy.ExtrinsicReward.mean": {
            "value": 39.89071038251366,
            "min": 30.58823529411765,
            "max": 46.470588235294116,
            "count": 40
        },
        "PreyController.Policy.ExtrinsicReward.sum": {
            "value": 7300.0,
            "min": 5200.0,
            "max": 8100.0,
            "count": 40
        },
        "PreyController.Losses.PolicyLoss.mean": {
            "value": 0.22096081140140694,
            "min": 0.023623637281901512,
            "max": 0.22096081140140694,
            "count": 40
        },
        "PreyController.Losses.PolicyLoss.sum": {
            "value": 0.8838432456056278,
            "min": 0.09723069304745877,
            "max": 1.0841401825348536,
            "count": 40
        },
        "PreyController.Losses.ValueLoss.mean": {
            "value": 45.74192651112874,
            "min": 37.48388933817546,
            "max": 65.92381779988607,
            "count": 40
        },
        "PreyController.Losses.ValueLoss.sum": {
            "value": 182.96770604451496,
            "min": 157.0039374669393,
            "max": 329.61908899943035,
            "count": 40
        },
        "PreyController.Policy.LearningRate.mean": {
            "value": 3.641259878625005e-05,
            "min": 3.641259878625005e-05,
            "max": 0.002960559751314675,
            "count": 40
        },
        "PreyController.Policy.LearningRate.sum": {
            "value": 0.0001456503951450002,
            "min": 0.0001456503951450002,
            "max": 0.014454286518190449,
            "count": 40
        },
        "PreyController.Policy.Epsilon.mean": {
            "value": 0.10606875000000002,
            "min": 0.10606875000000002,
            "max": 0.593426625,
            "count": 40
        },
        "PreyController.Policy.Epsilon.sum": {
            "value": 0.42427500000000007,
            "min": 0.42427500000000007,
            "max": 2.90904775,
            "count": 40
        },
        "PreyController.Policy.Beta.mean": {
            "value": 7.056612500000013e-05,
            "min": 7.056612500000013e-05,
            "max": 0.004934397717500001,
            "count": 40
        },
        "PreyController.Policy.Beta.sum": {
            "value": 0.0002822645000000005,
            "min": 0.0002822645000000005,
            "max": 0.024092296545,
            "count": 40
        },
        "PreyController.IsTraining.mean": {
            "value": 1.0,
            "min": 1.0,
            "max": 1.0,
            "count": 40
        },
        "PreyController.IsTraining.sum": {
            "value": 1.0,
            "min": 1.0,
            "max": 1.0,
            "count": 40
        },
        "HunterController.Policy.Entropy.mean": {
            "value": 1.156980037689209,
            "min": 1.115059733390808,
            "max": 1.417757272720337,
            "count": 40
        },
        "HunterController.Policy.Entropy.sum": {
            "value": 56822.7578125,
            "min": 55833.171875,
            "max": 73057.03125,
            "count": 40
        },
        "HunterController.Step.mean": {
            "value": 1999962.0,
            "min": 49970.0,
            "max": 1999962.0,
            "count": 40
        },
        "HunterController.Step.sum": {
            "value": 1999962.0,
            "min": 49970.0,
            "max": 1999962.0,
            "count": 40
        },
        "HunterController.Policy.ExtrinsicValueEstimate.mean": {
            "value": -23.370941162109375,
            "min": -24.282854080200195,
            "max": -6.799561023712158,
            "count": 40
        },
        "HunterController.Policy.ExtrinsicValueEstimate.sum": {
            "value": -19771.81640625,
            "min": -20373.314453125,
            "max": -5738.82958984375,
            "count": 40
        },
        "HunterController.Environment.EpisodeLength.mean": {
            "value": 270.30337078651684,
            "min": 262.8235294117647,
            "max": 291.4508670520231,
            "count": 40
        },
        "HunterController.Environment.EpisodeLength.sum": {
            "value": 48114.0,
            "min": 44680.0,
            "max": 51662.0,
            "count": 40
        },
        "HunterController.Environment.CumulativeReward.mean": {
            "value": -57.05382479214278,
            "min": -69.61323517911575,
            "max": -50.99131551290813,
            "count": 40
        },
        "HunterController.Environment.CumulativeReward.sum": {
            "value": -10440.849936962128,
            "min": -11834.249980449677,
            "max": -9688.349947452545,
            "count": 40
        },
        "HunterController.Policy.ExtrinsicReward.mean": {
            "value": -57.05382479214278,
            "min": -69.61323517911575,
            "max": -50.99131551290813,
            "count": 40
        },
        "HunterController.Policy.ExtrinsicReward.sum": {
            "value": -10440.849936962128,
            "min": -11834.249980449677,
            "max": -9688.349947452545,
            "count": 40
        },
        "HunterController.Losses.PolicyLoss.mean": {
            "value": 0.023152318900004805,
            "min": 0.020839004350321676,
            "max": 0.05273987361132944,
            "count": 40
        },
        "HunterController.Losses.PolicyLoss.sum": {
            "value": 0.09260927560001922,
            "min": 0.08653453997079244,
            "max": 0.2636993680566472,
            "count": 40
        },
        "HunterController.Losses.ValueLoss.mean": {
            "value": 15.313377844293912,
            "min": 5.50723447362582,
            "max": 58.148558008670804,
            "count": 40
        },
        "HunterController.Losses.ValueLoss.sum": {
            "value": 61.25351137717565,
            "min": 27.536172368129098,
            "max": 232.59423203468322,
            "count": 40
        },