{
    "name": "root",
    "gauges": {
        "PreyController.Policy.Entropy.mean": {
            "value": 1.409694790840149,
            "min": 1.4096142053604126,
            "max": 1.4250589609146118,
            "count": 40
        },
        "PreyController.Policy.Entropy.sum": {
            "value": 71463.0703125,
            "min": 69132.3046875,
            "max": 73423.4765625,
            "count": 40
        },
        "PreyController.Step.mean": {
            "value": 1999994.0,
            "min": 49936.0,
            "max": 1999994.0,
            "count": 40
        },
        "PreyController.Step.sum": {
            "value": 1999994.0,
            "min": 49936.0,
            "max": 1999994.0,
            "count": 40
        },
        "PreyController.Policy.ExtrinsicValueEstimate.mean": {
            "value": -13.745633125305176,
            "min": -13.745633125305176,
            "max": 12.788265228271484,
            "count": 40
        },
        "PreyController.Policy.ExtrinsicValueEstimate.sum": {
            "value": -13429.4833984375,
            "min": -13429.4833984375,
            "max": 10742.142578125,
            "count": 40
        },
        "PreyController.Environment.EpisodeLength.mean": {
            "value": 124.8,
            "min": 121.57881773399015,
            "max": 288.70238095238096,
            "count": 40
        },
        "PreyController.Environment.EpisodeLength.sum": {
            "value": 50544.0,
            "min": 45291.0,
            "max": 52880.0,
            "count": 40
        },
        "PreyController.Environment.CumulativeReward.mean": {
            "value": -33.375,
            "min": -33.375,
            "max": 42.55952380952381,
            "count": 40
        },
        "PreyController.Environment.CumulativeReward.sum": {
            "value": -13350.0,
            "min": -13350.0,
            "max": 7550.0,
            "count": 40
        },
        "PreyController.Policy.ExtrinsicReward.mean": {
            "value": -33.375,
            "min": -33.375,
            "max": 42.55952380952381,
            "count": 40
        },
        "PreyController.Policy.ExtrinsicReward.sum": {
            "value": -13350.0,
            "min": -13350.0,
            "max": 7550.0,
            "count": 40
        },
        "PreyController.Losses.PolicyLoss.mean": {
            "value": 0.024376642062658598,
            "min": 0.02071142397031508,
            "max": 0.027566099813945276,
            "count": 40
        },
        "PreyController.Losses.PolicyLoss.sum": {
            "value": 0.121883210313293,
            "min": 0.08632099230987175,
            "max": 0.1378304990697264,
            "count": 40
        },
        "PreyController.Losses.ValueLoss.mean": {
            "value": 110.87333028157552,
            "min": 47.5750279490153,
            "max": 124.62397842407226,
            "count": 40
        },
        "PreyController.Losses.ValueLoss.sum": {
            "value": 554.3666514078776,
            "min": 192.5655565261841,
            "max": 623.1198921203613,
            "count": 40
        },
        "PreyController.Policy.LearningRate.mean": {
            "value": 3.14862895049e-06,
            "min": 3.14862895049e-06,
            "max": 0.0002961175887941375,
            "count": 40
        },
        "PreyController.Policy.LearningRate.sum": {
            "value": 1.574314475245e-05,
            "min": 1.574314475245e-05,
            "max": 0.0014455683181439,
            "count": 40
        },
        "PreyController.Policy.Epsilon.mean": {
            "value": 0.10104951000000002,
            "min": 0.10104951000000002,
            "max": 0.1987058625,
            "count": 40
        },
        "PreyController.Policy.Epsilon.sum": {
            "value": 0.5052475500000001,
            "min": 0.46489345,
            "max": 0.9818561,
            "count": 40
        },
        "PreyController.Policy.Beta.mean": {
            "value": 6.237054900000003e-05,
            "min": 6.237054900000003e-05,
            "max": 0.004935422538749999,
            "count": 40
        },
        "PreyController.Policy.Beta.sum": {
            "value": 0.00031185274500000016,
            "min": 0.00031185274500000016,
            "max": 0.024094619390000002,
            "count": 40
        },
        "PreyController.IsTraining.mean": {
            "value": 1.0,
            "min": 1.0,
            "max": 1.0,
            "count": 40
        },
        "PreyController.IsTraining.sum": {
            "value": 1.0,
            "min": 1.0,
            "max": 1.0,
            "count": 40
        },
        "HunterController.Policy.Entropy.mean": {
            "value": 1.3600566387176514,
            "min": 1.3600566387176514,
            "max": 1.424554467201233,
            "count": 40
        },
        "HunterController.Policy.Entropy.sum": {
            "value": 68946.7109375,
            "min": 66689.28125,
            "max": 73327.296875,
            "count": 40
        },
        "HunterController.Step.mean": {
            "value": 1999994.0,
            "min": 49936.0,
            "max": 1999994.0,
            "count": 40
        },
        "HunterController.Step.sum": {
            "value": 1999994.0,
            "min": 49936.0,
            "max": 1999994.0,
            "count": 40
        },
        "HunterController.Policy.ExtrinsicValueEstimate.mean": {
            "value": 4.701081275939941,
            "min": -24.058839797973633,
            "max": 4.701081275939941,
            "count": 40
        },
        "HunterController.Policy.ExtrinsicValueEstimate.sum": {
            "value": 4592.95654296875,
            "min": -20257.54296875,
            "max": 4592.95654296875,
            "count": 40
        },
        "HunterController.Environment.EpisodeLength.mean": {
            "value": 124.8,
            "min": 121.57881773399015,
            "max": 288.70238095238096,
            "count": 40
        },
        "HunterController.Environment.EpisodeLength.sum": {
            "value": 50544.0,
            "min": 45291.0,
            "max": 52880.0,
            "count": 40
        },
        "HunterController.Environment.CumulativeReward.mean": {
            "value": 30.975375407934187,
            "min": -64.78905293080933,
            "max": 30.975375407934187,
            "count": 40
        },
        "HunterController.Environment.CumulativeReward.sum": {
            "value": 12390.150163173676,
            "min": -11298.599954605103,
            "max": 12390.150163173676,
            "count": 40
        },
        "HunterController.Policy.ExtrinsicReward.mean": {
            "value": 30.975375407934187,
            "min": -64.78905293080933,
            "max": 30.975375407934187,
            "count": 40
        },
        "HunterController.Policy.ExtrinsicReward.sum": {
            "value": 12390.150163173676,
            "min": -11298.599954605103,
            "max": 12390.150163173676,
            "count": 40
        },
        "HunterController.Losses.PolicyLoss.mean": {
            "value": 0.023302116982910473,
            "min": 0.020836645942375373,
            "max": 0.026954133954714056,
            "count": 40
        },
        "HunterController.Losses.PolicyLoss.sum": {
            "value": 0.11651058491455236,
            "min": 0.0887828560633352,
            "max": 0.13477066977357027,
            "count": 40
        },
        "HunterController.Losses.ValueLoss.mean": {
            "value": 119.95306137084961,
            "min": 6.095682159264883,
            "max": 138.1849742126465,
            "count": 40
        },
        "HunterController.Losses.ValueLoss.sum": {
            "value": 599.765306854248,
            "min": 30.478410796324415,
            "max": 690.9248710632324,
            "count": 40
        },
        "HunterController.Policy.LearningRate.mean": {
            "value": 3.14862895049e-06,
            "min": 3.14862895049e-06,