{
    "name": "root",
    "gauges": {
        "HunterController.Policy.Entropy.mean": {
            "value": 1.395719051361084,
            "min": 1.395719051361084,
            "max": 1.4232690334320068,
            "count": 40
        },
        "HunterController.Policy.Entropy.sum": {
            "value": 69615.671875,
            "min": 57585.703125,
            "max": 87562.6875,
            "count": 40
        },
        "HunterController.Environment.EpisodeLength.mean": {
            "value": 327.625,
            "min": 300.0890410958904,
            "max": 579.9134615384615,
            "count": 40
        },
        "HunterController.Environment.EpisodeLength.sum": {
            "value": 49799.0,
            "min": 39939.0,
            "max": 60311.0,
            "count": 40
        },
        "HunterController.Step.mean": {
            "value": 1999843.0,
            "min": 49602.0,
            "max": 1999843.0,
            "count": 40
        },
        "HunterController.Step.sum": {
            "value": 1999843.0,
            "min": 49602.0,
            "max": 1999843.0,
            "count": 40
        },
        "HunterController.Policy.ExtrinsicValueEstimate.mean": {
            "value": -2.7581281661987305,
            "min": -17.25286865234375,
            "max": 0.04740164056420326,
            "count": 40
        },
        "HunterController.Policy.ExtrinsicValueEstimate.sum": {
            "value": -419.2354736328125,
            "min": -1586.6131591796875,
            "max": 4.503155708312988,
            "count": 40
        },
        "HunterController.Environment.CumulativeReward.mean": {
            "value": -15.356250160618833,
            "min": -115.48218353315332,
            "max": -3.614634237638334,
            "count": 40
        },
        "HunterController.Environment.CumulativeReward.sum": {
            "value": -2334.1500244140625,
            "min": -10836.999963760376,
            "max": -592.8000149726868,
            "count": 40
        },
        "HunterController.Policy.ExtrinsicReward.mean": {
            "value": -15.356250160618833,
            "min": -115.48218353315332,
            "max": -3.614634237638334,
            "count": 40
        },
        "HunterController.Policy.ExtrinsicReward.sum": {
            "value": -2334.1500244140625,
            "min": -10836.999963760376,
            "max": -592.8000149726868,
            "count": 40
        },
        "HunterController.IsTraining.mean": {
            "value": 1.0,
            "min": 1.0,
            "max": 1.0,
            "count": 40
        },
        "HunterController.IsTraining.sum": {
            "value": 1.0,
            "min": 1.0,
            "max": 1.0,
            "count": 40
        },
        "HunterController.Losses.PolicyLoss.mean": {
            "value": 0.01099942066532094,
            "min": 0.01011041811957284,
            "max": 0.01369503120848094,
            "count": 39
        },
        "HunterController.Losses.PolicyLoss.sum": {
            "value": 0.01099942066532094,
            "min": 0.01011041811957284,
            "max": 0.02478854551935001,
            "count": 39
        },
        "HunterController.Losses.ValueLoss.mean": {
            "value": 55.08428848266602,
            "min": 10.233324551582337,
            "max": 65.88659618377686,
            "count": 39
        },
        "HunterController.Losses.ValueLoss.sum": {
            "value": 55.08428848266602,
            "min": 10.233324551582337,
            "max": 120.53108711242675,
            "count": 39
        },
        "HunterController.Policy.LearningRate.mean": {
            "value": 1.7934482066500048e-06,
            "min": 1.7934482066500048e-06,
            "max": 9.640452859547503e-05,
            "count": 39
        },
        "HunterController.Policy.LearningRate.sum": {
            "value": 1.7934482066500048e-06,
            "min": 1.7934482066500048e-06,
            "max": 0.00019280905719095006,
            "count": 39
        },
        "HunterController.Policy.Epsilon.mean": {
            "value": 0.10179334999999998,
            "min": 0.10179334999999998,
            "max": 0.196404525,
            "count": 39
        },
        "HunterController.Policy.Epsilon.sum": {
            "value": 0.10179334999999998,
            "min": 0.10179334999999998,
            "max": 0.39280905,
            "count": 39
        },
        "HunterController.Policy.Beta.mean": {
            "value": 9.948816500000022e-05,
            "min": 9.948816500000022e-05,
            "max": 0.0048205857975000006,
            "count": 39
        },
        "HunterController.Policy.Beta.sum": {
            "value": 9.948816500000022e-05,
            "min": 9.948816500000022e-05,
            "max": 0.009641171595000001,
            "count": 39
        },
        "PreyController.Policy.Entropy.mean": {
            "value": 1.4269819259643555,
            "min": 1.4192897081375122,
            "max": 1.4301464557647705,
            "count": 40
        },
        "PreyController.Policy.Entropy.sum": {
            "value": 67972.859375,
            "min": 60904.17578125,
            "max": 87294.8359375,
            "count": 40
        },
        "PreyController.Environment.EpisodeLength.mean": {
            "value": 327.5390070921986,
            "min": 303.58522727272725,
            "max": 577.6867469879518,
            "count": 40
        },
        "PreyController.Environment.EpisodeLength.sum": {
            "value": 46183.0,
            "min": 45177.0,
            "max": 54898.0,
            "count": 40
        },
        "PreyController.Step.mean": {
            "value": 1999843.0,
            "min": 49602.0,
            "max": 1999843.0,
            "count": 40
        },
        "PreyController.Step.sum": {
            "value": 1999843.0,
            "min": 49602.0,
            "max": 1999843.0,
            "count": 40
        },
        "PreyController.Policy.ExtrinsicValueEstimate.mean": {
            "value": -5.417384147644043,
            "min": -5.417384147644043,
            "max": 5.8766093254089355,
            "count": 40
        },
        "PreyController.Policy.ExtrinsicValueEstimate.sum": {
            "value": -823.4423828125,
            "min": -869.969482421875,
            "max": 517.1416015625,
            "count": 40
        },
        "PreyController.Environment.CumulativeReward.mean": {
            "value": -20.723684210526315,
            "min": -27.134146341463413,
            "max": 42.52873563218391,
            "count": 40
        },
        "PreyController.Environment.CumulativeReward.sum": {
            "value": -3150.0,
            "min": -4450.0,
            "max": 3700.0,
            "count": 40
        },
        "PreyController.Policy.ExtrinsicReward.mean": {
            "value": -20.723684210526315,
            "min": -27.134146341463413,
            "max": 42.52873563218391,
            "count": 40
        },
        "PreyController.Policy.ExtrinsicReward.sum": {
            "value": -3150.0,
            "min": -4450.0,
            "max": 3700.0,
            "count": 40
        },
        "PreyController.Losses.PolicyLoss.mean": {
            "value": 0.016477229636439005,
            "min": 0.014760757861755944,
            "max": 0.01918127407145221,
            "count": 40
        },
        "PreyController.Losses.PolicyLoss.sum": {
            "value": 0.03295445927287801,
            "min": 0.015484859060663544,
            "max": 0.05416521811726852,
            "count": 40
        },
        "PreyController.Losses.ValueLoss.mean": {
            "value": 63.41020935058594,
            "min": 29.995799236297607,
            "max": 64.2642918141683,
            "count": 40
        },
        "PreyController.Losses.ValueLoss.sum": {
            "value": 126.82041870117187,
            "min": 39.03184051513672,
            "max": 192.7928754425049,
            "count": 40
        },