{
    "name": "root",
    "gauges": {
        "HunterController.Policy.Entropy.mean": {
            "value": 1.366881251335144,
            "min": 1.366881251335144,
            "max": 1.418285846710205,
            "count": 15
        },
        "HunterController.Policy.Entropy.sum": {
            "value": 68456.1484375,
            "min": 68317.71875,
            "max": 72549.578125,
            "count": 15
        },
        "HunterController.Environment.EpisodeLength.mean": {
            "value": 38.814066289409865,
            "min": 38.814066289409865,
            "max": 411.38317757009344,
            "count": 15
        },
        "HunterController.Environment.EpisodeLength.sum": {
            "value": 48013.0,
            "min": 40377.0,
            "max": 54658.0,
            "count": 15
        },
        "HunterController.Step.mean": {
            "value": 749988.0,
            "min": 49957.0,
            "max": 749988.0,
            "count": 15
        },
        "HunterController.Step.sum": {
            "value": 749988.0,
            "min": 49957.0,
            "max": 749988.0,
            "count": 15
        },
        "HunterController.Policy.ExtrinsicValueEstimate.mean": {
            "value": -89.12052154541016,
            "min": -167.78077697753906,
            "max": -34.865596771240234,
            "count": 15
        },
        "HunterController.Policy.ExtrinsicValueEstimate.sum": {
            "value": -128511.796875,
            "min": -148259.21875,
            "max": -28136.537109375,
            "count": 15
        },
        "HunterController.Environment.CumulativeReward.mean": {
            "value": -135.0016178868735,
            "min": -995.465842400447,
            "max": -135.0016178868735,
            "count": 15
        },
        "HunterController.Environment.CumulativeReward.sum": {
            "value": -166861.99970817566,
            "min": -175425.24974942207,
            "max": -100542.05008244514,
            "count": 15
        },
        "HunterController.Policy.ExtrinsicReward.mean": {
            "value": -135.0016178868735,
            "min": -995.465842400447,
            "max": -135.0016178868735,
            "count": 15
        },
        "HunterController.Policy.ExtrinsicReward.sum": {
            "value": -166861.99970817566,
            "min": -175425.24974942207,
            "max": -100542.05008244514,
            "count": 15
        },
        "HunterController.Losses.PolicyLoss.mean": {
            "value": 0.023022663661079912,
            "min": 0.022235470955561276,
            "max": 0.026163164613923685,
            "count": 15
        },
        "HunterController.Losses.PolicyLoss.sum": {
            "value": 0.11511331830539956,
            "min": 0.0889418838222451,
            "max": 0.13081582306961842,
            "count": 15
        },
        "HunterController.Losses.ValueLoss.mean": {
            "value": 1050.9897306315104,
            "min": 190.82713816324872,
            "max": 1050.9897306315104,
            "count": 15
        },
        "HunterController.Losses.ValueLoss.sum": {
            "value": 5254.948653157552,
            "min": 954.1356908162436,
            "max": 5254.948653157552,
            "count": 15
        },
        "HunterController.Policy.LearningRate.mean": {
            "value": 1.0594736468453334e-05,
            "min": 1.0594736468453334e-05,
            "max": 0.00028894770368409993,
            "count": 15
        },
        "HunterController.Policy.LearningRate.sum": {
            "value": 5.297368234226667e-05,
            "min": 5.297368234226667e-05,
            "max": 0.0013495752501415995,
            "count": 15
        },
        "HunterController.Policy.Epsilon.mean": {
            "value": 0.10353154666666671,
            "min": 0.10353154666666671,
            "max": 0.1963159,
            "count": 15
        },
        "HunterController.Policy.Epsilon.sum": {
            "value": 0.5176577333333335,
            "min": 0.49357066666666677,
            "max": 0.9498583999999999,
            "count": 15
        },
        "HunterController.Policy.Beta.mean": {
            "value": 0.00018622417866666672,
            "min": 0.00018622417866666672,
            "max": 0.00481616341,
            "count": 15
        },
        "HunterController.Policy.Beta.sum": {
            "value": 0.0009311208933333336,
            "min": 0.0009311208933333336,
            "max": 0.022497934160000004,
            "count": 15
        },
        "HunterController.IsTraining.mean": {
            "value": 1.0,
            "min": 1.0,
            "max": 1.0,
            "count": 15
        },
        "HunterController.IsTraining.sum": {
            "value": 1.0,
            "min": 1.0,
            "max": 1.0,
            "count": 15
        },
        "PreyController.Policy.Entropy.mean": {
            "value": 1.4211328029632568,
            "min": 1.4206360578536987,
            "max": 1.4278221130371094,
            "count": 15
        },
        "PreyController.Policy.Entropy.sum": {
            "value": 71173.171875,
            "min": 70592.921875,
            "max": 72605.5390625,
            "count": 15
        },
        "PreyController.Environment.EpisodeLength.mean": {
            "value": 38.814066289409865,
            "min": 38.814066289409865,
            "max": 411.38317757009344,
            "count": 15
        },
        "PreyController.Environment.EpisodeLength.sum": {
            "value": 48013.0,
            "min": 40377.0,
            "max": 54658.0,
            "count": 15
        },
        "PreyController.Step.mean": {
            "value": 749988.0,
            "min": 49957.0,
            "max": 749988.0,
            "count": 15
        },
        "PreyController.Step.sum": {
            "value": 749988.0,
            "min": 49957.0,
            "max": 749988.0,
            "count": 15
        },
        "PreyController.Policy.ExtrinsicValueEstimate.mean": {
            "value": -9.44100284576416,
            "min": -9.866016387939453,
            "max": 5.148133754730225,
            "count": 15
        },
        "PreyController.Policy.ExtrinsicValueEstimate.sum": {
            "value": -13613.9267578125,
            "min": -14246.52734375,
            "max": 4249.576171875,
            "count": 15
        },
        "PreyController.Environment.CumulativeReward.mean": {
            "value": -12.661812297734627,
            "min": -12.661812297734627,
            "max": 22.426470588235293,
            "count": 15
        },
        "PreyController.Environment.CumulativeReward.sum": {
            "value": -15650.0,
            "min": -15650.0,
            "max": 3050.0,
            "count": 15
        },
        "PreyController.Policy.ExtrinsicReward.mean": {
            "value": -12.661812297734627,
            "min": -12.661812297734627,
            "max": 22.426470588235293,
            "count": 15
        },
        "PreyController.Policy.ExtrinsicReward.sum": {
            "value": -15650.0,
            "min": -15650.0,
            "max": 3050.0,
            "count": 15
        },
        "PreyController.Losses.PolicyLoss.mean": {
            "value": 0.023430253347420753,
            "min": 0.0211553489476258,
            "max": 0.026796555921585728,
            "count": 15
        },
        "PreyController.Losses.PolicyLoss.sum": {
            "value": 0.11715126673710377,
            "min": 0.08935172559819572,
            "max": 0.12859860531364878,
            "count": 15
        },
        "PreyController.Losses.ValueLoss.mean": {
            "value": 92.79504231770832,
            "min": 33.00017467498779,
            "max": 92.79504231770832,
            "count": 15
        },
        "PreyController.Losses.ValueLoss.sum": {
            "value": 463.97521158854164,
            "min": 160.89802010854083,
            "max": 463.97521158854164,
            "count": 15
        },