{
    "name": "root",
    "gauges": {
        "HunterController.Policy.Entropy.mean": {
            "value": 1.317796230316162,
            "min": 1.317796230316162,
            "max": 1.4253137111663818,
            "count": 100
        },
        "HunterController.Policy.Entropy.sum": {
            "value": 64722.2421875,
            "min": 60501.20703125,
            "max": 77525.1640625,
            "count": 100
        },
        "HunterController.Environment.EpisodeLength.mean": {
            "value": 153.1024844720497,
            "min": 147.45530726256985,
            "max": 302.85276073619633,
            "count": 100
        },
        "HunterController.Environment.EpisodeLength.sum": {
            "value": 49299.0,
            "min": 46024.0,
            "max": 53810.0,
            "count": 100
        },
        "HunterController.Step.mean": {
            "value": 4999973.0,
            "min": 49866.0,
            "max": 4999973.0,
            "count": 100
        },
        "HunterController.Step.sum": {
            "value": 4999973.0,
            "min": 49866.0,
            "max": 4999973.0,
            "count": 100
        },
        "HunterController.Policy.ExtrinsicValueEstimate.mean": {
            "value": 6.9559407234191895,
            "min": -23.906707763671875,
            "max": 8.296774864196777,
            "count": 100
        },
        "HunterController.Policy.ExtrinsicValueEstimate.sum": {
            "value": 2246.768798828125,
            "min": -4040.233642578125,
            "max": 2806.60888671875,
            "count": 100
        },
        "HunterController.Environment.CumulativeReward.mean": {
            "value": 13.398762014997263,
            "min": -79.6801202613187,
            "max": 17.510979277443816,
            "count": 100
        },
        "HunterController.Environment.CumulativeReward.sum": {
            "value": 4327.800130844116,
            "min": -13226.899963378906,
            "max": 5901.200016498566,
            "count": 100
        },
        "HunterController.Policy.ExtrinsicReward.mean": {
            "value": 13.398762014997263,
            "min": -79.6801202613187,
            "max": 17.510979277443816,
            "count": 100
        },
        "HunterController.Policy.ExtrinsicReward.sum": {
            "value": 4327.800130844116,
            "min": -13226.899963378906,
            "max": 5901.200016498566,
            "count": 100
        },
        "HunterController.Losses.PolicyLoss.mean": {
            "value": 0.013241319959342945,
            "min": 0.009344033795932773,
            "max": 0.013987327241193271,
            "count": 100
        },
        "HunterController.Losses.PolicyLoss.sum": {
            "value": 0.013241319959342945,
            "min": 0.009344033795932773,
            "max": 0.026012740468140692,
            "count": 100
        },
        "HunterController.Losses.ValueLoss.mean": {
            "value": 79.97285629272461,
            "min": 8.223736333847047,
            "max": 84.93427074432373,
            "count": 100
        },
        "HunterController.Losses.ValueLoss.sum": {
            "value": 79.97285629272461,
            "min": 8.223736333847047,
            "max": 169.86854148864745,
            "count": 100
        },
        "HunterController.Policy.LearningRate.mean": {
            "value": 3.653596347400006e-07,
            "min": 3.653596347400006e-07,
            "max": 9.917486082514001e-05,
            "count": 100
        },
        "HunterController.Policy.LearningRate.sum": {
            "value": 3.653596347400006e-07,
            "min": 3.653596347400006e-07,
            "max": 0.00019092454907546,
            "count": 100
        },
        "HunterController.Policy.Epsilon.mean": {
            "value": 0.10036526000000003,
            "min": 0.10036526000000003,
            "max": 0.19917486,
            "count": 100
        },
        "HunterController.Policy.Epsilon.sum": {
            "value": 0.10036526000000003,
            "min": 0.10036526000000003,
            "max": 0.39092453999999993,
            "count": 100
        },
        "HunterController.Policy.Beta.mean": {
            "value": 2.8226474000000028e-05,
            "min": 2.8226474000000028e-05,
            "max": 0.004958825514000001,
            "count": 100
        },
        "HunterController.Policy.Beta.sum": {
            "value": 2.8226474000000028e-05,
            "min": 2.8226474000000028e-05,
            "max": 0.009547134546000003,
            "count": 100
        },
        "HunterController.IsTraining.mean": {
            "value": 1.0,
            "min": 1.0,
            "max": 1.0,
            "count": 100
        },
        "HunterController.IsTraining.sum": {
            "value": 1.0,
            "min": 1.0,
            "max": 1.0,
            "count": 100
        },
        "PreyController.Policy.Entropy.mean": {
            "value": 1.3867319822311401,
            "min": 1.3867319822311401,
            "max": 1.424196481704712,
            "count": 100
        },
        "PreyController.Policy.Entropy.sum": {
            "value": 68107.953125,
            "min": 65925.078125,
            "max": 77507.4921875,
            "count": 100
        },
        "PreyController.Environment.EpisodeLength.mean": {
            "value": 153.1024844720497,
            "min": 145.86430678466076,
            "max": 302.85276073619633,
            "count": 100
        },
        "PreyController.Environment.EpisodeLength.sum": {
            "value": 49299.0,
            "min": 46454.0,
            "max": 53131.0,
            "count": 100
        },
        "PreyController.Step.mean": {
            "value": 4999973.0,
            "min": 49866.0,
            "max": 4999973.0,
            "count": 100
        },
        "PreyController.Step.sum": {
            "value": 4999973.0,
            "min": 49866.0,
            "max": 4999973.0,
            "count": 100
        },
        "PreyController.Policy.ExtrinsicValueEstimate.mean": {
            "value": -9.965170860290527,
            "min": -10.31178092956543,
            "max": 12.072912216186523,
            "count": 100
        },
        "PreyController.Policy.ExtrinsicValueEstimate.sum": {
            "value": -3218.750244140625,
            "min": -3440.801513671875,
            "max": 2010.798828125,
            "count": 100
        },
        "PreyController.Environment.CumulativeReward.mean": {
            "value": -23.21981424148607,
            "min": -26.78018575851393,
            "max": 48.493975903614455,
            "count": 100
        },
        "PreyController.Environment.CumulativeReward.sum": {
            "value": -7500.0,
            "min": -8950.0,
            "max": 8050.0,
            "count": 100
        },
        "PreyController.Policy.ExtrinsicReward.mean": {
            "value": -23.21981424148607,
            "min": -26.78018575851393,
            "max": 48.493975903614455,
            "count": 100
        },
        "PreyController.Policy.ExtrinsicReward.sum": {
            "value": -7500.0,
            "min": -8950.0,
            "max": 8050.0,
            "count": 100
        },
        "PreyController.Losses.PolicyLoss.mean": {
            "value": 0.016135155417456797,
            "min": 0.013129911072173855,
            "max": 0.020765753773739563,
            "count": 100
        },
        "PreyController.Losses.PolicyLoss.sum": {
            "value": 0.04840546625237039,
            "min": 0.02625982214434771,
            "max": 0.057190288778729156,
            "count": 100
        },
        "PreyController.Losses.ValueLoss.mean": {
            "value": 122.03979894002278,
            "min": 41.9052307510376,
            "max": 150.16435142517088,
            "count": 100
        },
        "PreyController.Losses.ValueLoss.sum": {
            "value": 366.11939682006835,
            "min": 83.8104615020752,
            "max": 406.92625167846677,