{
    "name": "root",
    "gauges": {
        "PreyController.Policy.Entropy.mean": {
            "value": 1.4188631772994995,
            "min": 1.4187511205673218,
            "max": 1.4269068241119385,
            "count": 40
        },
        "PreyController.Policy.Entropy.sum": {
            "value": 70842.421875,
            "min": 69608.6484375,
            "max": 74480.453125,
            "count": 40
        },
        "PreyController.Environment.EpisodeLength.mean": {
            "value": 159.68789808917197,
            "min": 150.659509202454,
            "max": 290.427807486631,
            "count": 40
        },
        "PreyController.Environment.EpisodeLength.sum": {
            "value": 50142.0,
            "min": 44882.0,
            "max": 54310.0,
            "count": 40
        },
        "PreyController.Step.mean": {
            "value": 1999956.0,
            "min": 49971.0,
            "max": 1999956.0,
            "count": 40
        },
        "PreyController.Step.sum": {
            "value": 1999956.0,
            "min": 49971.0,
            "max": 1999956.0,
            "count": 40
        },
        "PreyController.Policy.ExtrinsicValueEstimate.mean": {
            "value": -11.36884593963623,
            "min": -12.436919212341309,
            "max": 12.541088104248047,
            "count": 40
        },
        "PreyController.Policy.ExtrinsicValueEstimate.sum": {
            "value": -10641.240234375,
            "min": -11752.888671875,
            "max": 10471.80859375,
            "count": 40
        },
        "PreyController.Environment.CumulativeReward.mean": {
            "value": -28.594249201277954,
            "min": -34.61538461538461,
            "max": 44.38502673796791,
            "count": 40
        },
        "PreyController.Environment.CumulativeReward.sum": {
            "value": -8950.0,
            "min": -10800.0,
            "max": 8300.0,
            "count": 40
        },
        "PreyController.Policy.ExtrinsicReward.mean": {
            "value": -28.594249201277954,
            "min": -34.61538461538461,
            "max": 44.38502673796791,
            "count": 40
        },
        "PreyController.Policy.ExtrinsicReward.sum": {
            "value": -8950.0,
            "min": -10800.0,
            "max": 8300.0,
            "count": 40
        },
        "PreyController.Losses.PolicyLoss.mean": {
            "value": 0.02125760282515936,
            "min": 0.020454123149781178,
            "max": 0.02717215042866883,
            "count": 40
        },
        "PreyController.Losses.PolicyLoss.sum": {
            "value": 0.1062880141257968,
            "min": 0.08765306085115297,
            "max": 0.13117796494625508,
            "count": 40
        },
        "PreyController.Losses.ValueLoss.mean": {
            "value": 101.26748174031576,
            "min": 46.648696149190265,
            "max": 119.22291544596355,
            "count": 40
        },
        "PreyController.Losses.ValueLoss.sum": {
            "value": 506.3374087015788,
            "min": 231.83800911180901,
            "max": 596.1145772298178,
            "count": 40
        },
        "PreyController.Policy.LearningRate.mean": {
            "value": 1.2678487322500006e-06,
            "min": 1.2678487322500006e-06,
            "max": 9.863897636102503e-05,
            "count": 40
        },
        "PreyController.Policy.LearningRate.sum": {
            "value": 6.339243661250003e-06,
            "min": 6.339243661250003e-06,
            "max": 0.00048109351890649995,
            "count": 40
        },
        "PreyController.Policy.Epsilon.mean": {
            "value": 0.10126775000000003,
            "min": 0.10126775000000003,
            "max": 0.19863897500000002,
            "count": 40
        },
        "PreyController.Policy.Epsilon.sum": {
            "value": 0.5063387500000002,
            "min": 0.4349046500000001,
            "max": 0.9810934999999998,
            "count": 40
        },
        "PreyController.Policy.Beta.mean": {
            "value": 7.326072500000006e-05,
            "min": 7.326072500000006e-05,
            "max": 0.0049320848525,
            "count": 40
        },
        "PreyController.Policy.Beta.sum": {
            "value": 0.0003663036250000003,
            "min": 0.0003663036250000003,
            "max": 0.024056565649999997,
            "count": 40
        },
        "PreyController.IsTraining.mean": {
            "value": 1.0,
            "min": 1.0,
            "max": 1.0,
            "count": 40
        },
        "PreyController.IsTraining.sum": {
            "value": 1.0,
            "min": 1.0,
            "max": 1.0,
            "count": 40
        },
        "HunterController.Policy.Entropy.mean": {
            "value": 1.407175898551941,
            "min": 1.407175898551941,
            "max": 1.4256941080093384,
            "count": 40
        },
        "HunterController.Policy.Entropy.sum": {
            "value": 70258.8828125,
            "min": 68979.796875,
            "max": 74509.109375,
            "count": 40
        },
        "HunterController.Environment.EpisodeLength.mean": {
            "value": 159.68789808917197,
            "min": 150.91076923076923,
            "max": 290.427807486631,
            "count": 40
        },
        "HunterController.Environment.EpisodeLength.sum": {
            "value": 50142.0,
            "min": 44882.0,
            "max": 54310.0,
            "count": 40
        },
        "HunterController.Step.mean": {
            "value": 1999956.0,
            "min": 49971.0,
            "max": 1999956.0,
            "count": 40
        },
        "HunterController.Step.sum": {
            "value": 1999956.0,
            "min": 49971.0,
            "max": 1999956.0,
            "count": 40
        },
        "HunterController.Policy.ExtrinsicValueEstimate.mean": {
            "value": 2.8740932941436768,
            "min": -21.84438705444336,
            "max": 4.461872100830078,
            "count": 40
        },
        "HunterController.Policy.ExtrinsicValueEstimate.sum": {
            "value": 2690.1513671875,
            "min": -18371.12890625,
            "max": 4145.0791015625,
            "count": 40
        },
        "HunterController.Environment.CumulativeReward.mean": {
            "value": 27.331309969051958,
            "min": -62.58695618410288,
            "max": 32.23141031998854,
            "count": 40
        },
        "HunterController.Environment.CumulativeReward.sum": {
            "value": 8554.700020313263,
            "min": -11245.449966907501,
            "max": 10180.150015354156,
            "count": 40
        },
        "HunterController.Policy.ExtrinsicReward.mean": {
            "value": 27.331309969051958,
            "min": -62.58695618410288,
            "max": 32.23141031998854,
            "count": 40
        },
        "HunterController.Policy.ExtrinsicReward.sum": {
            "value": 8554.700020313263,
            "min": -11245.449966907501,
            "max": 10180.150015354156,
            "count": 40
        },
        "HunterController.Losses.PolicyLoss.mean": {
            "value": 0.024528731611014033,
            "min": 0.01873850253294222,
            "max": 0.02826541059257579,
            "count": 40
        },
        "HunterController.Losses.PolicyLoss.sum": {
            "value": 0.12264365805507016,
            "min": 0.08482496253927821,
            "max": 0.13352526952142701,
            "count": 40
        },
        "HunterController.Losses.ValueLoss.mean": {
            "value": 94.76905736287435,
            "min": 10.334003070195514,
            "max": 111.13796831766764,
            "count": 40
        },
        "HunterController.Losses.ValueLoss.sum": {
            "value": 473.8452868143718,
            "min": 51.67001535097757,
            "max": 551.8646672566731,
            "count": 40
        },