{
    "name": "root",
    "gauges": {
        "HunterController.Policy.Entropy.mean": {
            "value": 12.581488609313965,
            "min": 2.1370689868927,
            "max": 12.822616577148438,
            "count": 40
        },
        "HunterController.Policy.Entropy.sum": {
            "value": 637164.3125,
            "min": 110035.546875,
            "max": 644225.125,
            "count": 40
        },
        "HunterController.Step.mean": {
            "value": 1999940.0,
            "min": 49972.0,
            "max": 1999940.0,
            "count": 40
        },
        "HunterController.Step.sum": {
            "value": 1999940.0,
            "min": 49972.0,
            "max": 1999940.0,
            "count": 40
        },
        "HunterController.Policy.ExtrinsicValueEstimate.mean": {
            "value": -23.416824340820312,
            "min": -26.49949073791504,
            "max": -4.689093589782715,
            "count": 40
        },
        "HunterController.Policy.ExtrinsicValueEstimate.sum": {
            "value": -19576.46484375,
            "min": -22339.0703125,
            "max": -3915.39306640625,
            "count": 40
        },
        "HunterController.Environment.EpisodeLength.mean": {
            "value": 291.5470588235294,
            "min": 263.2315789473684,
            "max": 297.2758620689655,
            "count": 40
        },
        "HunterController.Environment.EpisodeLength.sum": {
            "value": 49563.0,
            "min": 45205.0,
            "max": 54058.0,
            "count": 40
        },
        "HunterController.Environment.CumulativeReward.mean": {
            "value": -63.34431103175272,
            "min": -78.89367817188132,
            "max": -60.55437124492041,
            "count": 40
        },
        "HunterController.Environment.CumulativeReward.sum": {
            "value": -10578.499942302704,
            "min": -14077.150000572205,
            "max": -10233.849949359894,
            "count": 40
        },
        "HunterController.Policy.ExtrinsicReward.mean": {
            "value": -63.34431103175272,
            "min": -78.89367817188132,
            "max": -60.55437124492041,
            "count": 40
        },
        "HunterController.Policy.ExtrinsicReward.sum": {
            "value": -10578.499942302704,
            "min": -14077.150000572205,
            "max": -10233.849949359894,
            "count": 40
        },
        "HunterController.Losses.PolicyLoss.mean": {
            "value": 0.025993605084174004,
            "min": 0.019947605389040935,
            "max": 0.23468282798926038,
            "count": 40
        },
        "HunterController.Losses.PolicyLoss.sum": {
            "value": 0.12996802542087002,
            "min": 0.08883583614757906,
            "max": 1.1734141399463018,
            "count": 40
        },
        "HunterController.Losses.ValueLoss.mean": {
            "value": 4.644206403891245,
            "min": 1.18705890695254,
            "max": 508.09916788488624,
            "count": 40
        },
        "HunterController.Losses.ValueLoss.sum": {
            "value": 23.221032019456228,
            "min": 5.9352945347627,
            "max": 2032.396671539545,
            "count": 40
        },
        "HunterController.Policy.LearningRate.mean": {
            "value": 0.0003208680989304402,
            "min": 0.0003208680989304402,
            "max": 0.02960457750131808,
            "count": 40
        },
        "HunterController.Policy.LearningRate.sum": {
            "value": 0.001604340494652201,
            "min": 0.001604340494652201,
            "max": 0.14441470501861764,
            "count": 40
        },
        "HunterController.Policy.Epsilon.mean": {
            "value": 0.10106956,
            "min": 0.10106956,
            "max": 0.19868192500000004,
            "count": 40
        },
        "HunterController.Policy.Epsilon.sum": {
            "value": 0.5053478,
            "min": 0.45485559999999997,
            "max": 0.9813823500000001,
            "count": 40
        },
        "HunterController.Policy.Beta.mean": {
            "value": 6.337104400000001e-05,
            "min": 6.337104400000001e-05,
            "max": 0.0049342280575,
            "count": 40
        },
        "HunterController.Policy.Beta.sum": {
            "value": 0.0003168552200000001,
            "min": 0.0003168552200000001,
            "max": 0.024070979265,
            "count": 40
        },
        "HunterController.IsTraining.mean": {
            "value": 1.0,
            "min": 1.0,
            "max": 1.0,
            "count": 40
        },
        "HunterController.IsTraining.sum": {
            "value": 1.0,
            "min": 1.0,
            "max": 1.0,
            "count": 40
        },
        "PreyController.Policy.Entropy.mean": {
            "value": 10.041305541992188,
            "min": 2.01676607131958,
            "max": 10.295373916625977,
            "count": 40
        },
        "PreyController.Policy.Entropy.sum": {
            "value": 508009.71875,
            "min": 103841.2734375,
            "max": 515469.75,
            "count": 40
        },
        "PreyController.Step.mean": {
            "value": 1999940.0,
            "min": 49972.0,
            "max": 1999940.0,
            "count": 40
        },
        "PreyController.Step.sum": {
            "value": 1999940.0,
            "min": 49972.0,
            "max": 1999940.0,
            "count": 40
        },
        "PreyController.Policy.ExtrinsicValueEstimate.mean": {
            "value": 13.60580825805664,
            "min": 2.583752155303955,
            "max": 14.904674530029297,
            "count": 40
        },
        "PreyController.Policy.ExtrinsicValueEstimate.sum": {
            "value": 11374.4560546875,
            "min": 2157.43310546875,
            "max": 12564.640625,
            "count": 40
        },
        "PreyController.Environment.EpisodeLength.mean": {
            "value": 291.5470588235294,
            "min": 263.2315789473684,
            "max": 297.2758620689655,
            "count": 40
        },
        "PreyController.Environment.EpisodeLength.sum": {
            "value": 49563.0,
            "min": 45205.0,
            "max": 54058.0,
            "count": 40
        },
        "PreyController.Environment.CumulativeReward.mean": {
            "value": 45.209580838323355,
            "min": 27.03488372093023,
            "max": 49.42528735632184,
            "count": 40
        },
        "PreyController.Environment.CumulativeReward.sum": {
            "value": 7550.0,
            "min": 4650.0,
            "max": 8900.0,
            "count": 40
        },
        "PreyController.Policy.ExtrinsicReward.mean": {
            "value": 45.209580838323355,
            "min": 27.03488372093023,
            "max": 49.42528735632184,
            "count": 40
        },
        "PreyController.Policy.ExtrinsicReward.sum": {
            "value": 7550.0,
            "min": 4650.0,
            "max": 8900.0,
            "count": 40
        },
        "PreyController.Losses.PolicyLoss.mean": {
            "value": 0.023628253930655773,
            "min": 0.021026896812642616,
            "max": 0.2057090186079343,
            "count": 40
        },
        "PreyController.Losses.PolicyLoss.sum": {
            "value": 0.11814126965327887,
            "min": 0.08469392925035207,
            "max": 1.0285450930396716,
            "count": 40
        },
        "PreyController.Losses.ValueLoss.mean": {
            "value": 40.67554988861084,
            "min": 36.49532090822856,
            "max": 89.49507153828938,
            "count": 40
        },
        "PreyController.Losses.ValueLoss.sum": {
            "value": 203.3777494430542,
            "min": 145.98128363291423,
            "max": 447.4753576914469,
            "count": 40
        },
        "PreyController.Policy.LearningRate.mean": {
            "value": 0.0003208680989304402,