{
    "name": "root",
    "gauges": {
        "HunterController.Policy.Entropy.mean": {
            "value": 1.336237907409668,
            "min": 1.336237907409668,
            "max": 1.4243652820587158,
            "count": 40
        },
        "HunterController.Policy.Entropy.sum": {
            "value": 66853.3203125,
            "min": 66402.3203125,
            "max": 73202.921875,
            "count": 40
        },
        "HunterController.Step.mean": {
            "value": 1999979.0,
            "min": 49983.0,
            "max": 1999979.0,
            "count": 40
        },
        "HunterController.Step.sum": {
            "value": 1999979.0,
            "min": 49983.0,
            "max": 1999979.0,
            "count": 40
        },
        "HunterController.Policy.ExtrinsicValueEstimate.mean": {
            "value": 13.291568756103516,
            "min": -23.316781997680664,
            "max": 14.10602855682373,
            "count": 40
        },
        "HunterController.Policy.ExtrinsicValueEstimate.sum": {
            "value": 13557.400390625,
            "min": -19772.630859375,
            "max": 14345.8310546875,
            "count": 40
        },
        "HunterController.Environment.EpisodeLength.mean": {
            "value": 104.34763948497854,
            "min": 104.00207039337474,
            "max": 279.7906976744186,
            "count": 40
        },
        "HunterController.Environment.EpisodeLength.sum": {
            "value": 48626.0,
            "min": 45592.0,
            "max": 51876.0,
            "count": 40
        },
        "HunterController.Environment.CumulativeReward.mean": {
            "value": 41.625644130640275,
            "min": -61.54127868386202,
            "max": 41.625644130640275,
            "count": 40
        },
        "HunterController.Environment.CumulativeReward.sum": {
            "value": 19397.55016487837,
            "min": -11002.599931240082,
            "max": 20100.40020442009,
            "count": 40
        },
        "HunterController.Policy.ExtrinsicReward.mean": {
            "value": 41.625644130640275,
            "min": -61.54127868386202,
            "max": 41.625644130640275,
            "count": 40
        },
        "HunterController.Policy.ExtrinsicReward.sum": {
            "value": 19397.55016487837,
            "min": -11002.599931240082,
            "max": 20100.40020442009,
            "count": 40
        },
        "HunterController.Losses.PolicyLoss.mean": {
            "value": 0.025746518829570658,
            "min": 0.021031249490430733,
            "max": 0.02640078556505614,
            "count": 40
        },
        "HunterController.Losses.PolicyLoss.sum": {
            "value": 0.1287325941478533,
            "min": 0.08552012444512608,
            "max": 0.1320039278252807,
            "count": 40
        },
        "HunterController.Losses.ValueLoss.mean": {
            "value": 123.09462483723959,
            "min": 17.387253235181173,
            "max": 128.7192381286621,
            "count": 40
        },
        "HunterController.Losses.ValueLoss.sum": {
            "value": 615.473124186198,
            "min": 86.93626617590587,
            "max": 643.5961906433106,
            "count": 40
        },
        "HunterController.Policy.LearningRate.mean": {
            "value": 3.3515488828499934e-06,
            "min": 3.3515488828499934e-06,
            "max": 0.0002961011637996125,
            "count": 40
        },
        "HunterController.Policy.LearningRate.sum": {
            "value": 1.6757744414249968e-05,
            "min": 1.6757744414249968e-05,
            "max": 0.0014456863681045502,
            "count": 40
        },
        "HunterController.Policy.Epsilon.mean": {
            "value": 0.10111715000000002,
            "min": 0.10111715000000002,
            "max": 0.1987003875,
            "count": 40
        },
        "HunterController.Policy.Epsilon.sum": {
            "value": 0.5055857500000001,
            "min": 0.4651415,
            "max": 0.9818954500000001,
            "count": 40
        },
        "HunterController.Policy.Beta.mean": {
            "value": 6.57457849999999e-05,
            "min": 6.57457849999999e-05,
            "max": 0.00493514933625,
            "count": 40
        },
        "HunterController.Policy.Beta.sum": {
            "value": 0.0003287289249999995,
            "min": 0.0003287289249999995,
            "max": 0.024096582955,
            "count": 40
        },
        "HunterController.IsTraining.mean": {
            "value": 1.0,
            "min": 1.0,
            "max": 1.0,
            "count": 40
        },
        "HunterController.IsTraining.sum": {
            "value": 1.0,
            "min": 1.0,
            "max": 1.0,
            "count": 40
        },
        "PreyController.Policy.Entropy.mean": {
            "value": 1.4172800779342651,
            "min": 1.4172800779342651,
            "max": 1.429421067237854,
            "count": 40
        },
        "PreyController.Policy.Entropy.sum": {
            "value": 70907.9375,
            "min": 69678.875,
            "max": 73217.8828125,
            "count": 40
        },
        "PreyController.Step.mean": {
            "value": 1999979.0,
            "min": 49983.0,
            "max": 1999979.0,
            "count": 40
        },
        "PreyController.Step.sum": {
            "value": 1999979.0,
            "min": 49983.0,
            "max": 1999979.0,
            "count": 40
        },
        "PreyController.Policy.ExtrinsicValueEstimate.mean": {
            "value": -19.808429718017578,
            "min": -20.15696907043457,
            "max": 11.31108283996582,
            "count": 40
        },
        "PreyController.Policy.ExtrinsicValueEstimate.sum": {
            "value": -20204.59765625,
            "min": -20499.63671875,
            "max": 9546.5537109375,
            "count": 40
        },
        "PreyController.Environment.EpisodeLength.mean": {
            "value": 104.34763948497854,
            "min": 104.00207039337474,
            "max": 279.7906976744186,
            "count": 40
        },
        "PreyController.Environment.EpisodeLength.sum": {
            "value": 48626.0,
            "min": 45592.0,
            "max": 51876.0,
            "count": 40
        },
        "PreyController.Environment.CumulativeReward.mean": {
            "value": -41.52360515021459,
            "min": -41.63223140495868,
            "max": 36.91860465116279,
            "count": 40
        },
        "PreyController.Environment.CumulativeReward.sum": {
            "value": -19350.0,
            "min": -20150.0,
            "max": 6550.0,
            "count": 40
        },
        "PreyController.Policy.ExtrinsicReward.mean": {
            "value": -41.52360515021459,
            "min": -41.63223140495868,
            "max": 36.91860465116279,
            "count": 40
        },
        "PreyController.Policy.ExtrinsicReward.sum": {
            "value": -19350.0,
            "min": -20150.0,
            "max": 6550.0,
            "count": 40
        },
        "PreyController.Losses.PolicyLoss.mean": {
            "value": 0.022538106819653573,
            "min": 0.020628907422493892,
            "max": 0.027713499810100378,
            "count": 40
        },
        "PreyController.Losses.PolicyLoss.sum": {
            "value": 0.11269053409826786,
            "min": 0.08309891652340108,
            "max": 0.1385674990505019,
            "count": 40
        },
        "PreyController.Losses.ValueLoss.mean": {
            "value": 92.50291417439779,
            "min": 55.45541369120281,
            "max": 116.5795730082194,
            "count": 40
        },
        "PreyController.Losses.ValueLoss.sum": {
            "value": 462.51457087198895,
            "min": 277.27706845601404,
            "max": 582.897865041097,
            "count": 40
        },