{
    "name": "root",
    "gauges": {
        "PreyController.Policy.Entropy.mean": {
            "value": 1.4237241744995117,
            "min": 1.417173981666565,
            "max": 1.4237241744995117,
            "count": 15
        },
        "PreyController.Policy.Entropy.sum": {
            "value": 71375.5625,
            "min": 69614.2109375,
            "max": 73938.21875,
            "count": 15
        },
        "PreyController.Environment.EpisodeLength.mean": {
            "value": 196.84169884169884,
            "min": 196.84169884169884,
            "max": 282.375,
            "count": 15
        },
        "PreyController.Environment.EpisodeLength.sum": {
            "value": 50982.0,
            "min": 45331.0,
            "max": 52029.0,
            "count": 15
        },
        "PreyController.Step.mean": {
            "value": 749972.0,
            "min": 49975.0,
            "max": 749972.0,
            "count": 15
        },
        "PreyController.Step.sum": {
            "value": 749972.0,
            "min": 49975.0,
            "max": 749972.0,
            "count": 15
        },
        "PreyController.Policy.ExtrinsicValueEstimate.mean": {
            "value": 1.6109914779663086,
            "min": 1.6109914779663086,
            "max": 10.378560066223145,
            "count": 15
        },
        "PreyController.Policy.ExtrinsicValueEstimate.sum": {
            "value": 1445.059326171875,
            "min": 1445.059326171875,
            "max": 8811.3974609375,
            "count": 15
        },
        "PreyController.Environment.CumulativeReward.mean": {
            "value": -6.346153846153846,
            "min": -6.346153846153846,
            "max": 34.4311377245509,
            "count": 15
        },
        "PreyController.Environment.CumulativeReward.sum": {
            "value": -1650.0,
            "min": -1650.0,
            "max": 6000.0,
            "count": 15
        },
        "PreyController.Policy.ExtrinsicReward.mean": {
            "value": -6.346153846153846,
            "min": -6.346153846153846,
            "max": 34.4311377245509,
            "count": 15
        },
        "PreyController.Policy.ExtrinsicReward.sum": {
            "value": -1650.0,
            "min": -1650.0,
            "max": 6000.0,
            "count": 15
        },
        "PreyController.Losses.PolicyLoss.mean": {
            "value": 0.023062449467834083,
            "min": 0.019654440904171983,
            "max": 0.02719132719251017,
            "count": 15
        },
        "PreyController.Losses.PolicyLoss.sum": {
            "value": 0.11531224733917042,
            "min": 0.08741677564782246,
            "max": 0.13595663596255084,
            "count": 15
        },
        "PreyController.Losses.ValueLoss.mean": {
            "value": 112.03913808186849,
            "min": 64.90556392525181,
            "max": 112.03913808186849,
            "count": 15
        },
        "PreyController.Losses.ValueLoss.sum": {
            "value": 560.1956904093424,
            "min": 259.62225570100725,
            "max": 560.1956904093424,
            "count": 15
        },
        "PreyController.Policy.LearningRate.mean": {
            "value": 1.0089456636880006e-05,
            "min": 1.0089456636880006e-05,
            "max": 0.0002891481036173,
            "count": 15
        },
        "PreyController.Policy.LearningRate.sum": {
            "value": 5.044728318440003e-05,
            "min": 5.044728318440003e-05,
            "max": 0.0013492516502494666,
            "count": 15
        },
        "PreyController.Policy.Epsilon.mean": {
            "value": 0.10336311999999999,
            "min": 0.10336311999999999,
            "max": 0.19638269999999997,
            "count": 15
        },
        "PreyController.Policy.Epsilon.sum": {
            "value": 0.5168155999999999,
            "min": 0.49298893333333343,
            "max": 0.9497505333333334,
            "count": 15
        },
        "PreyController.Policy.Beta.mean": {
            "value": 0.00017781968800000016,
            "min": 0.00017781968800000016,
            "max": 0.004819496729999999,
            "count": 15
        },
        "PreyController.Policy.Beta.sum": {
            "value": 0.0008890984400000008,
            "min": 0.0008890984400000008,
            "max": 0.022492551613333335,
            "count": 15
        },
        "PreyController.IsTraining.mean": {
            "value": 1.0,
            "min": 1.0,
            "max": 1.0,
            "count": 15
        },
        "PreyController.IsTraining.sum": {
            "value": 1.0,
            "min": 1.0,
            "max": 1.0,
            "count": 15
        },
        "HunterController.Policy.Entropy.mean": {
            "value": 1.3838820457458496,
            "min": 1.3838820457458496,
            "max": 1.4182816743850708,
            "count": 15
        },
        "HunterController.Policy.Entropy.sum": {
            "value": 69378.15625,
            "min": 67836.2421875,
            "max": 73996.0078125,
            "count": 15
        },
        "HunterController.Environment.EpisodeLength.mean": {
            "value": 196.84169884169884,
            "min": 196.84169884169884,
            "max": 282.375,
            "count": 15
        },
        "HunterController.Environment.EpisodeLength.sum": {
            "value": 50982.0,
            "min": 45331.0,
            "max": 52029.0,
            "count": 15
        },
        "HunterController.Step.mean": {
            "value": 749972.0,
            "min": 49975.0,
            "max": 749972.0,
            "count": 15
        },
        "HunterController.Step.sum": {
            "value": 749972.0,
            "min": 49975.0,
            "max": 749972.0,
            "count": 15
        },
        "HunterController.Policy.ExtrinsicValueEstimate.mean": {
            "value": -10.070483207702637,
            "min": -20.210378646850586,
            "max": -4.445446491241455,
            "count": 15
        },
        "HunterController.Policy.ExtrinsicValueEstimate.sum": {
            "value": -9033.2236328125,
            "min": -17239.453125,
            "max": -3720.8388671875,
            "count": 15
        },
        "HunterController.Environment.CumulativeReward.mean": {
            "value": -4.6207688364558495,
            "min": -59.51432901475488,
            "max": -4.6207688364558495,
            "count": 15
        },
        "HunterController.Environment.CumulativeReward.sum": {
            "value": -1201.3998974785209,
            "min": -9999.449989914894,
            "max": -1201.3998974785209,
            "count": 15
        },
        "HunterController.Policy.ExtrinsicReward.mean": {
            "value": -4.6207688364558495,
            "min": -59.51432901475488,
            "max": -4.6207688364558495,
            "count": 15
        },
        "HunterController.Policy.ExtrinsicReward.sum": {
            "value": -1201.3998974785209,
            "min": -9999.449989914894,
            "max": -1201.3998974785209,
            "count": 15
        },
        "HunterController.Losses.PolicyLoss.mean": {
            "value": 0.024180706380284394,
            "min": 0.02138185452081278,
            "max": 0.02549147989862831,
            "count": 15
        },
        "HunterController.Losses.PolicyLoss.sum": {
            "value": 0.12090353190142197,
            "min": 0.08552741808325112,
            "max": 0.12745739949314155,
            "count": 15
        },
        "HunterController.Losses.ValueLoss.mean": {
            "value": 62.87913335164389,
            "min": 19.72660976727804,
            "max": 62.87913335164389,
            "count": 15
        },
        "HunterController.Losses.ValueLoss.sum": {
            "value": 314.3956667582194,
            "min": 80.91349299748738,
            "max": 314.3956667582194,
            "count": 15
        },