{
    "name": "root",
    "gauges": {
        "HunterController.Policy.Entropy.mean": {
            "value": 1.4000152349472046,
            "min": 1.4000152349472046,
            "max": 1.4192012548446655,
            "count": 40
        },
        "HunterController.Policy.Entropy.sum": {
            "value": 69544.359375,
            "min": 68526.3125,
            "max": 74478.265625,
            "count": 40
        },
        "HunterController.Environment.EpisodeLength.mean": {
            "value": 160.55882352941177,
            "min": 155.36111111111111,
            "max": 284.0,
            "count": 40
        },
        "HunterController.Environment.EpisodeLength.sum": {
            "value": 49131.0,
            "min": 45316.0,
            "max": 52499.0,
            "count": 40
        },
        "HunterController.Step.mean": {
            "value": 1999982.0,
            "min": 49957.0,
            "max": 1999982.0,
            "count": 40
        },
        "HunterController.Step.sum": {
            "value": 1999982.0,
            "min": 49957.0,
            "max": 1999982.0,
            "count": 40
        },
        "HunterController.Policy.ExtrinsicValueEstimate.mean": {
            "value": -6.745777606964111,
            "min": -21.31887435913086,
            "max": -2.992875814437866,
            "count": 40
        },
        "HunterController.Policy.ExtrinsicValueEstimate.sum": {
            "value": -6307.30224609375,
            "min": -18014.44921875,
            "max": -2753.44580078125,
            "count": 40
        },
        "HunterController.Environment.CumulativeReward.mean": {
            "value": 11.294445116535512,
            "min": -63.12142819351291,
            "max": 19.402038003957383,
            "count": 40
        },
        "HunterController.Environment.CumulativeReward.sum": {
            "value": 3456.1002056598663,
            "min": -10627.399936676025,
            "max": 6189.250123262405,
            "count": 40
        },
        "HunterController.Policy.ExtrinsicReward.mean": {
            "value": 11.294445116535512,
            "min": -63.12142819351291,
            "max": 19.402038003957383,
            "count": 40
        },
        "HunterController.Policy.ExtrinsicReward.sum": {
            "value": 3456.1002056598663,
            "min": -10627.399936676025,
            "max": 6189.250123262405,
            "count": 40
        },
        "HunterController.Losses.PolicyLoss.mean": {
            "value": 0.024309975869158125,
            "min": 0.02157981187322245,
            "max": 0.02677270765367818,
            "count": 40
        },
        "HunterController.Losses.PolicyLoss.sum": {
            "value": 0.12154987934579063,
            "min": 0.08802323410297201,
            "max": 0.1338635382683909,
            "count": 40
        },
        "HunterController.Losses.ValueLoss.mean": {
            "value": 78.87041676839192,
            "min": 15.386591947078706,
            "max": 87.48402498881022,
            "count": 40
        },
        "HunterController.Losses.ValueLoss.sum": {
            "value": 394.3520838419596,
            "min": 61.546367788314825,
            "max": 437.4201249440511,
            "count": 40
        },
        "HunterController.Policy.LearningRate.mean": {
            "value": 1.436298563800001e-06,
            "min": 1.436298563800001e-06,
            "max": 9.86476013524e-05,
            "count": 40
        },
        "HunterController.Policy.LearningRate.sum": {
            "value": 7.181492819000004e-06,
            "min": 7.181492819000004e-06,
            "max": 0.00048115566884434995,
            "count": 40
        },
        "HunterController.Policy.Epsilon.mean": {
            "value": 0.1014362,
            "min": 0.1014362,
            "max": 0.1986476,
            "count": 40
        },
        "HunterController.Policy.Epsilon.sum": {
            "value": 0.507181,
            "min": 0.41498070000000004,
            "max": 0.9811556500000002,
            "count": 40
        },
        "HunterController.Policy.Beta.mean": {
            "value": 8.166638000000007e-05,
            "min": 8.166638000000007e-05,
            "max": 0.00493251524,
            "count": 40
        },
        "HunterController.Policy.Beta.sum": {
            "value": 0.0004083319000000003,
            "min": 0.0004083319000000003,
            "max": 0.024059666934999998,
            "count": 40
        },
        "HunterController.IsTraining.mean": {
            "value": 1.0,
            "min": 1.0,
            "max": 1.0,
            "count": 40
        },
        "HunterController.IsTraining.sum": {
            "value": 1.0,
            "min": 1.0,
            "max": 1.0,
            "count": 40
        },
        "PreyController.Policy.Entropy.mean": {
            "value": 1.4235910177230835,
            "min": 1.4206520318984985,
            "max": 1.428954005241394,
            "count": 40
        },
        "PreyController.Policy.Entropy.sum": {
            "value": 70715.4609375,
            "min": 69804.6953125,
            "max": 74554.3984375,
            "count": 40
        },
        "PreyController.Environment.EpisodeLength.mean": {
            "value": 160.55882352941177,
            "min": 155.36111111111111,
            "max": 284.0,
            "count": 40
        },
        "PreyController.Environment.EpisodeLength.sum": {
            "value": 49131.0,
            "min": 45316.0,
            "max": 52190.0,
            "count": 40
        },
        "PreyController.Step.mean": {
            "value": 1999982.0,
            "min": 49957.0,
            "max": 1999982.0,
            "count": 40
        },
        "PreyController.Step.sum": {
            "value": 1999982.0,
            "min": 49957.0,
            "max": 1999982.0,
            "count": 40
        },
        "PreyController.Policy.ExtrinsicValueEstimate.mean": {
            "value": -3.8647003173828125,
            "min": -6.807382583618164,
            "max": 11.520634651184082,
            "count": 40
        },
        "PreyController.Policy.ExtrinsicValueEstimate.sum": {
            "value": -3613.494873046875,
            "min": -6262.7919921875,
            "max": 9688.853515625,
            "count": 40
        },
        "PreyController.Environment.CumulativeReward.mean": {
            "value": -19.11764705882353,
            "min": -22.570532915360502,
            "max": 39.61748633879781,
            "count": 40
        },
        "PreyController.Environment.CumulativeReward.sum": {
            "value": -5850.0,
            "min": -7200.0,
            "max": 7250.0,
            "count": 40
        },
        "PreyController.Policy.ExtrinsicReward.mean": {
            "value": -19.11764705882353,
            "min": -22.570532915360502,
            "max": 39.61748633879781,
            "count": 40
        },
        "PreyController.Policy.ExtrinsicReward.sum": {
            "value": -5850.0,
            "min": -7200.0,
            "max": 7250.0,
            "count": 40
        },
        "PreyController.Losses.PolicyLoss.mean": {
            "value": 0.02165090760458649,
            "min": 0.02088877012429293,
            "max": 0.027134104279781846,
            "count": 40
        },
        "PreyController.Losses.PolicyLoss.sum": {
            "value": 0.10825453802293244,
            "min": 0.08879040460500012,
            "max": 0.13567052139890923,
            "count": 40
        },
        "PreyController.Losses.ValueLoss.mean": {
            "value": 130.7565087381999,
            "min": 50.15601851145426,
            "max": 136.18708079020183,
            "count": 40
        },
        "PreyController.Losses.ValueLoss.sum": {
            "value": 653.7825436909994,
            "min": 200.62407404581705,
            "max": 680.9354039510091,
            "count": 40
        },
        "PreyController.Policy.LearningRate.mean": {
            "value": 1.436298563800001e-06,