{
    "name": "root",
    "gauges": {
        "HunterController.Policy.Entropy.mean": {
            "value": 1.3810969591140747,
            "min": 1.3810969591140747,
            "max": 1.4185975790023804,
            "count": 15
        },
        "HunterController.Policy.Entropy.sum": {
            "value": 68956.7890625,
            "min": 68480.34375,
            "max": 72565.5234375,
            "count": 15
        },
        "HunterController.Environment.EpisodeLength.mean": {
            "value": 418.8512396694215,
            "min": 389.921568627451,
            "max": 439.23636363636365,
            "count": 15
        },
        "HunterController.Environment.EpisodeLength.sum": {
            "value": 50681.0,
            "min": 39772.0,
            "max": 55333.0,
            "count": 15
        },
        "HunterController.Step.mean": {
            "value": 749965.0,
            "min": 49966.0,
            "max": 749965.0,
            "count": 15
        },
        "HunterController.Step.sum": {
            "value": 749965.0,
            "min": 49966.0,
            "max": 749965.0,
            "count": 15
        },
        "HunterController.Policy.ExtrinsicValueEstimate.mean": {
            "value": -11.89066219329834,
            "min": -17.68317222595215,
            "max": -5.399478912353516,
            "count": 15
        },
        "HunterController.Policy.ExtrinsicValueEstimate.sum": {
            "value": -9678.9990234375,
            "min": -14429.46875,
            "max": -4395.17578125,
            "count": 15
        },
        "HunterController.Environment.CumulativeReward.mean": {
            "value": -45.93553836508231,
            "min": -110.20045842818163,
            "max": -45.93553836508231,
            "count": 15
        },
        "HunterController.Environment.CumulativeReward.sum": {
            "value": -5558.200142174959,
            "min": -12084.65001296997,
            "max": -5558.200142174959,
            "count": 15
        },
        "HunterController.Policy.ExtrinsicReward.mean": {
            "value": -45.93553836508231,
            "min": -110.20045842818163,
            "max": -45.93553836508231,
            "count": 15
        },
        "HunterController.Policy.ExtrinsicReward.sum": {
            "value": -5558.200142174959,
            "min": -12084.65001296997,
            "max": -5558.200142174959,
            "count": 15
        },
        "HunterController.Losses.PolicyLoss.mean": {
            "value": 0.02292228747993552,
            "min": 0.02140192325556806,
            "max": 0.026685070425301095,
            "count": 15
        },
        "HunterController.Losses.PolicyLoss.sum": {
            "value": 0.11461143739967761,
            "min": 0.08560769302227224,
            "max": 0.13342535212650547,
            "count": 15
        },
        "HunterController.Losses.ValueLoss.mean": {
            "value": 41.8768389638265,
            "min": 22.76189944400932,
            "max": 42.04943454742432,
            "count": 15
        },
        "HunterController.Losses.ValueLoss.sum": {
            "value": 209.38419481913252,
            "min": 91.04759777603728,
            "max": 210.2471727371216,
            "count": 15
        },
        "HunterController.Policy.LearningRate.mean": {
            "value": 1.0260176579973323e-05,
            "min": 1.0260176579973323e-05,
            "max": 0.00028897140367619995,
            "count": 15
        },
        "HunterController.Policy.LearningRate.sum": {
            "value": 5.130088289986662e-05,
            "min": 5.130088289986662e-05,
            "max": 0.0013497644500785333,
            "count": 15
        },
        "HunterController.Policy.Epsilon.mean": {
            "value": 0.10342002666666668,
            "min": 0.10342002666666668,
            "max": 0.19632379999999997,
            "count": 15
        },
        "HunterController.Policy.Epsilon.sum": {
            "value": 0.5171001333333334,
            "min": 0.4932333333333334,
            "max": 0.9499214666666669,
            "count": 15
        },
        "HunterController.Policy.Beta.mean": {
            "value": 0.00018065933066666658,
            "min": 0.00018065933066666658,
            "max": 0.00481655762,
            "count": 15
        },
        "HunterController.Policy.Beta.sum": {
            "value": 0.0009032966533333329,
            "min": 0.0009032966533333329,
            "max": 0.02250108118666667,
            "count": 15
        },
        "HunterController.IsTraining.mean": {
            "value": 1.0,
            "min": 1.0,
            "max": 1.0,
            "count": 15
        },
        "HunterController.IsTraining.sum": {
            "value": 1.0,
            "min": 1.0,
            "max": 1.0,
            "count": 15
        },
        "PreyController.Policy.Entropy.mean": {
            "value": 1.4135477542877197,
            "min": 1.4135247468948364,
            "max": 1.425555944442749,
            "count": 15
        },
        "PreyController.Policy.Entropy.sum": {
            "value": 70577.0234375,
            "min": 70001.84375,
            "max": 72605.9609375,
            "count": 15
        },
        "PreyController.Environment.EpisodeLength.mean": {
            "value": 418.8512396694215,
            "min": 389.921568627451,
            "max": 439.23636363636365,
            "count": 15
        },
        "PreyController.Environment.EpisodeLength.sum": {
            "value": 50681.0,
            "min": 39772.0,
            "max": 55333.0,
            "count": 15
        },
        "PreyController.Step.mean": {
            "value": 749965.0,
            "min": 49966.0,
            "max": 749965.0,
            "count": 15
        },
        "PreyController.Step.sum": {
            "value": 749965.0,
            "min": 49966.0,
            "max": 749965.0,
            "count": 15
        },
        "PreyController.Policy.ExtrinsicValueEstimate.mean": {
            "value": 7.205392360687256,
            "min": 0.9107130169868469,
            "max": 7.205392360687256,
            "count": 15
        },
        "PreyController.Policy.ExtrinsicValueEstimate.sum": {
            "value": 5865.189453125,
            "min": 741.3203735351562,
            "max": 5865.189453125,
            "count": 15
        },
        "PreyController.Environment.CumulativeReward.mean": {
            "value": 27.272727272727273,
            "min": 15.714285714285714,
            "max": 28.636363636363637,
            "count": 15
        },
        "PreyController.Environment.CumulativeReward.sum": {
            "value": 3300.0,
            "min": 1650.0,
            "max": 3450.0,
            "count": 15
        },
        "PreyController.Policy.ExtrinsicReward.mean": {
            "value": 27.272727272727273,
            "min": 15.714285714285714,
            "max": 28.636363636363637,
            "count": 15
        },
        "PreyController.Policy.ExtrinsicReward.sum": {
            "value": 3300.0,
            "min": 1650.0,
            "max": 3450.0,
            "count": 15
        },
        "PreyController.Losses.PolicyLoss.mean": {
            "value": 0.024696829390207613,
            "min": 0.022684831908554772,
            "max": 0.0269057492018328,
            "count": 15
        },
        "PreyController.Losses.PolicyLoss.sum": {
            "value": 0.12348414695103807,
            "min": 0.09073932763421909,
            "max": 0.134528746009164,
            "count": 15
        },
        "PreyController.Losses.ValueLoss.mean": {
            "value": 32.51755964914958,
            "min": 28.409121373250628,
            "max": 40.36430357615153,
            "count": 15
        },
        "PreyController.Losses.ValueLoss.sum": {
            "value": 162.5877982457479,
            "min": 113.63648549300251,
            "max": 201.82151788075765,
            "count": 15
        },