{
    "name": "root",
    "gauges": {
        "PreyController.Policy.Entropy.mean": {
            "value": 1.4279690980911255,
            "min": 1.4193466901779175,
            "max": 1.4292879104614258,
            "count": 40
        },
        "PreyController.Policy.Entropy.sum": {
            "value": 70860.109375,
            "min": 65349.3515625,
            "max": 86936.40625,
            "count": 40
        },
        "PreyController.Environment.EpisodeLength.mean": {
            "value": 127.33510638297872,
            "min": 125.992628992629,
            "max": 297.1556886227545,
            "count": 40
        },
        "PreyController.Environment.EpisodeLength.sum": {
            "value": 47878.0,
            "min": 46694.0,
            "max": 55710.0,
            "count": 40
        },
        "PreyController.Step.mean": {
            "value": 1999888.0,
            "min": 49908.0,
            "max": 1999888.0,
            "count": 40
        },
        "PreyController.Step.sum": {
            "value": 1999888.0,
            "min": 49908.0,
            "max": 1999888.0,
            "count": 40
        },
        "PreyController.Policy.ExtrinsicValueEstimate.mean": {
            "value": -17.25516700744629,
            "min": -17.25516700744629,
            "max": 12.433791160583496,
            "count": 40
        },
        "PreyController.Policy.ExtrinsicValueEstimate.sum": {
            "value": -6712.259765625,
            "min": -6712.259765625,
            "max": 2094.01416015625,
            "count": 40
        },
        "PreyController.Environment.CumulativeReward.mean": {
            "value": -37.91773778920309,
            "min": -38.515406162464984,
            "max": 48.203592814371255,
            "count": 40
        },
        "PreyController.Environment.CumulativeReward.sum": {
            "value": -14750.0,
            "min": -14850.0,
            "max": 8050.0,
            "count": 40
        },
        "PreyController.Policy.ExtrinsicReward.mean": {
            "value": -37.91773778920309,
            "min": -38.515406162464984,
            "max": 48.203592814371255,
            "count": 40
        },
        "PreyController.Policy.ExtrinsicReward.sum": {
            "value": -14750.0,
            "min": -14850.0,
            "max": 8050.0,
            "count": 40
        },
        "PreyController.Losses.PolicyLoss.mean": {
            "value": 0.0161489206077628,
            "min": 0.011424752640535493,
            "max": 0.019200702693584995,
            "count": 40
        },
        "PreyController.Losses.PolicyLoss.sum": {
            "value": 0.0322978412155256,
            "min": 0.022849505281070985,
            "max": 0.05546941644158021,
            "count": 40
        },
        "PreyController.Losses.ValueLoss.mean": {
            "value": 110.91029408772786,
            "min": 43.05118268330892,
            "max": 124.84639341566299,
            "count": 40
        },
        "PreyController.Losses.ValueLoss.sum": {
            "value": 221.82058817545573,
            "min": 86.10236536661785,
            "max": 374.53918024698896,
            "count": 40
        },
        "PreyController.Policy.LearningRate.mean": {
            "value": 9.848240152750033e-07,
            "min": 9.848240152750033e-07,
            "max": 9.825697674302499e-05,
            "count": 40
        },
        "PreyController.Policy.LearningRate.sum": {
            "value": 1.9696480305500066e-06,
            "min": 1.9696480305500066e-06,
            "max": 0.0002661499338501,
            "count": 40
        },
        "PreyController.Policy.Epsilon.mean": {
            "value": 0.100984725,
            "min": 0.100984725,
            "max": 0.198256975,
            "count": 40
        },
        "PreyController.Policy.Epsilon.sum": {
            "value": 0.20196945,
            "min": 0.20196945,
            "max": 0.5661499,
            "count": 40
        },
        "PreyController.Policy.Beta.mean": {
            "value": 5.913777750000015e-05,
            "min": 5.913777750000015e-05,
            "max": 0.0049130230525,
            "count": 40
        },
        "PreyController.Policy.Beta.sum": {
            "value": 0.0001182755550000003,
            "min": 0.0001182755550000003,
            "max": 0.01331088001,
            "count": 40
        },
        "PreyController.IsTraining.mean": {
            "value": 1.0,
            "min": 1.0,
            "max": 1.0,
            "count": 40
        },
        "PreyController.IsTraining.sum": {
            "value": 1.0,
            "min": 1.0,
            "max": 1.0,
            "count": 40
        },
        "HunterController.Policy.Entropy.mean": {
            "value": 1.420893907546997,
            "min": 1.419163703918457,
            "max": 1.4269591569900513,
            "count": 40
        },
        "HunterController.Policy.Entropy.sum": {
            "value": 70436.5546875,
            "min": 65399.1875,
            "max": 86925.1953125,
            "count": 40
        },
        "HunterController.Environment.EpisodeLength.mean": {
            "value": 127.33510638297872,
            "min": 125.992628992629,
            "max": 297.1556886227545,
            "count": 40
        },
        "HunterController.Environment.EpisodeLength.sum": {
            "value": 47878.0,
            "min": 46694.0,
            "max": 55710.0,
            "count": 40
        },
        "HunterController.Step.mean": {
            "value": 1999888.0,
            "min": 49908.0,
            "max": 1999888.0,
            "count": 40
        },
        "HunterController.Step.sum": {
            "value": 1999888.0,
            "min": 49908.0,
            "max": 1999888.0,
            "count": 40
        },
        "HunterController.Policy.ExtrinsicValueEstimate.mean": {
            "value": 15.402237892150879,
            "min": -21.114646911621094,
            "max": 15.402237892150879,
            "count": 40
        },
        "HunterController.Policy.ExtrinsicValueEstimate.sum": {
            "value": 5991.470703125,
            "min": -3549.16162109375,
            "max": 5991.470703125,
            "count": 40
        },
        "HunterController.Environment.CumulativeReward.mean": {
            "value": 38.176478242506406,
            "min": -68.40887503087873,
            "max": 39.19796997762573,
            "count": 40
        },
        "HunterController.Environment.CumulativeReward.sum": {
            "value": 14850.650036334991,
            "min": -11561.099880218506,
            "max": 15444.00017118454,
            "count": 40
        },
        "HunterController.Policy.ExtrinsicReward.mean": {
            "value": 38.176478242506406,
            "min": -68.40887503087873,
            "max": 39.19796997762573,
            "count": 40
        },
        "HunterController.Policy.ExtrinsicReward.sum": {
            "value": 14850.650036334991,
            "min": -11561.099880218506,
            "max": 15444.00017118454,
            "count": 40
        },
        "HunterController.Losses.PolicyLoss.mean": {
            "value": 0.015277431760720599,
            "min": 0.013892720880782387,
            "max": 0.019381736361052997,
            "count": 40
        },
        "HunterController.Losses.PolicyLoss.sum": {
            "value": 0.030554863521441197,
            "min": 0.027785441761564774,
            "max": 0.05800256464960209,
            "count": 40
        },
        "HunterController.Losses.ValueLoss.mean": {
            "value": 107.30983657836913,
            "min": 7.487260270118714,
            "max": 108.72287178039551,
            "count": 40
        },
        "HunterController.Losses.ValueLoss.sum": {
            "value": 214.61967315673826,
            "min": 14.974520540237428,
            "max": 326.16480153401693,
            "count": 40
        },
        "HunterController.Policy.LearningRate.mean": {
            "value": 9.848240152750033e-07,