{
    "name": "root",
    "gauges": {
        "HunterController.Policy.Entropy.mean": {
            "value": 1.371655821800232,
            "min": 1.371655821800232,
            "max": 1.4160089492797852,
            "count": 15
        },
        "HunterController.Policy.Entropy.sum": {
            "value": 68765.21875,
            "min": 68584.203125,
            "max": 72360.890625,
            "count": 15
        },
        "HunterController.Environment.EpisodeLength.mean": {
            "value": 162.77302631578948,
            "min": 162.77302631578948,
            "max": 408.4375,
            "count": 15
        },
        "HunterController.Environment.EpisodeLength.sum": {
            "value": 49483.0,
            "min": 44558.0,
            "max": 52274.0,
            "count": 15
        },
        "HunterController.Step.mean": {
            "value": 749963.0,
            "min": 49949.0,
            "max": 749963.0,
            "count": 15
        },
        "HunterController.Step.sum": {
            "value": 749963.0,
            "min": 49949.0,
            "max": 749963.0,
            "count": 15
        },
        "HunterController.Policy.ExtrinsicValueEstimate.mean": {
            "value": -170.46490478515625,
            "min": -185.00418090820312,
            "max": -41.290985107421875,
            "count": 15
        },
        "HunterController.Policy.ExtrinsicValueEstimate.sum": {
            "value": -160237.015625,
            "min": -160237.015625,
            "max": -33404.40625,
            "count": 15
        },
        "HunterController.Environment.CumulativeReward.mean": {
            "value": -453.28366256310994,
            "min": -1005.9560769161332,
            "max": -453.28366256310994,
            "count": 15
        },
        "HunterController.Environment.CumulativeReward.sum": {
            "value": -137344.9497566223,
            "min": -137656.94952011108,
            "max": -107637.30023002625,
            "count": 15
        },
        "HunterController.Policy.ExtrinsicReward.mean": {
            "value": -453.28366256310994,
            "min": -1005.9560769161332,
            "max": -453.28366256310994,
            "count": 15
        },
        "HunterController.Policy.ExtrinsicReward.sum": {
            "value": -137344.9497566223,
            "min": -137656.94952011108,
            "max": -107637.30023002625,
            "count": 15
        },
        "HunterController.Losses.PolicyLoss.mean": {
            "value": 0.02295477771394265,
            "min": 0.02081150944218583,
            "max": 0.027676534252355906,
            "count": 15
        },
        "HunterController.Losses.PolicyLoss.sum": {
            "value": 0.11477388856971325,
            "min": 0.0921803356798288,
            "max": 0.12862301387746508,
            "count": 15
        },
        "HunterController.Losses.ValueLoss.mean": {
            "value": 310.0062104288737,
            "min": 310.0062104288737,
            "max": 428.78215759277344,
            "count": 15
        },
        "HunterController.Losses.ValueLoss.sum": {
            "value": 1550.0310521443685,
            "min": 1402.7735773722331,
            "max": 2143.9107879638673,
            "count": 15
        },
        "HunterController.Policy.LearningRate.mean": {
            "value": 1.0436816521093338e-05,
            "min": 1.0436816521093338e-05,
            "max": 0.0002887786037404667,
            "count": 15
        },
        "HunterController.Policy.LearningRate.sum": {
            "value": 5.218408260546669e-05,
            "min": 5.218408260546669e-05,
            "max": 0.001349353650215467,
            "count": 15
        },
        "HunterController.Policy.Epsilon.mean": {
            "value": 0.10347890666666668,
            "min": 0.10347890666666668,
            "max": 0.19625953333333335,
            "count": 15
        },
        "HunterController.Policy.Epsilon.sum": {
            "value": 0.5173945333333334,
            "min": 0.49355453333333343,
            "max": 0.9497845333333335,
            "count": 15
        },
        "HunterController.Policy.Beta.mean": {
            "value": 0.00018359744266666675,
            "min": 0.00018359744266666675,
            "max": 0.004813350713333333,
            "count": 15
        },
        "HunterController.Policy.Beta.sum": {
            "value": 0.0009179872133333337,
            "min": 0.0009179872133333337,
            "max": 0.02249424821333333,
            "count": 15
        },
        "HunterController.IsTraining.mean": {
            "value": 1.0,
            "min": 1.0,
            "max": 1.0,
            "count": 15
        },
        "HunterController.IsTraining.sum": {
            "value": 1.0,
            "min": 1.0,
            "max": 1.0,
            "count": 15
        },
        "PreyController.Policy.Entropy.mean": {
            "value": 1.427744746208191,
            "min": 1.4218546152114868,
            "max": 1.4358984231948853,
            "count": 15
        },
        "PreyController.Policy.Entropy.sum": {
            "value": 71577.125,
            "min": 71243.5390625,
            "max": 72587.1015625,
            "count": 15
        },
        "PreyController.Environment.EpisodeLength.mean": {
            "value": 162.77302631578948,
            "min": 162.77302631578948,
            "max": 408.4375,
            "count": 15
        },
        "PreyController.Environment.EpisodeLength.sum": {
            "value": 49483.0,
            "min": 44558.0,
            "max": 52274.0,
            "count": 15
        },
        "PreyController.Step.mean": {
            "value": 749963.0,
            "min": 49949.0,
            "max": 749963.0,
            "count": 15
        },
        "PreyController.Step.sum": {
            "value": 749963.0,
            "min": 49949.0,
            "max": 749963.0,
            "count": 15
        },
        "PreyController.Policy.ExtrinsicValueEstimate.mean": {
            "value": 1.3035533428192139,
            "min": 0.5443322658538818,
            "max": 4.707658290863037,
            "count": 15
        },
        "PreyController.Policy.ExtrinsicValueEstimate.sum": {
            "value": 1225.340087890625,
            "min": 440.36480712890625,
            "max": 3864.987548828125,
            "count": 15
        },
        "PreyController.Environment.CumulativeReward.mean": {
            "value": 0.9900990099009901,
            "min": -1.2096774193548387,
            "max": 20.967741935483872,
            "count": 15
        },
        "PreyController.Environment.CumulativeReward.sum": {
            "value": 300.0,
            "min": -300.0,
            "max": 2600.0,
            "count": 15
        },
        "PreyController.Policy.ExtrinsicReward.mean": {
            "value": 0.9900990099009901,
            "min": -1.2096774193548387,
            "max": 20.967741935483872,
            "count": 15
        },
        "PreyController.Policy.ExtrinsicReward.sum": {
            "value": 300.0,
            "min": -300.0,
            "max": 2600.0,
            "count": 15
        },
        "PreyController.Losses.PolicyLoss.mean": {
            "value": 0.022630147101687422,
            "min": 0.020829657194456862,
            "max": 0.025782835985980152,
            "count": 15
        },
        "PreyController.Losses.PolicyLoss.sum": {
            "value": 0.11315073550843711,
            "min": 0.0849305685182723,
            "max": 0.12891417992990076,
            "count": 15
        },
        "PreyController.Losses.ValueLoss.mean": {
            "value": 26.270675296783452,
            "min": 26.270675296783452,
            "max": 70.15658475240072,
            "count": 15
        },
        "PreyController.Losses.ValueLoss.sum": {
            "value": 131.35337648391726,
            "min": 118.82389262517295,
            "max": 350.7829237620036,
            "count": 15
        },