{
    "name": "root",
    "gauges": {
        "PreyController.Policy.Entropy.mean": {
            "value": 1.4321495294570923,
            "min": 1.4192428588867188,
            "max": 1.4323499202728271,
            "count": 40
        },
        "PreyController.Policy.Entropy.sum": {
            "value": 69258.75,
            "min": 66666.890625,
            "max": 88597.65625,
            "count": 40
        },
        "PreyController.Environment.EpisodeLength.mean": {
            "value": 576.4186046511628,
            "min": 540.7582417582418,
            "max": 599.0,
            "count": 40
        },
        "PreyController.Environment.EpisodeLength.sum": {
            "value": 49572.0,
            "min": 45968.0,
            "max": 61363.0,
            "count": 40
        },
        "PreyController.Step.mean": {
            "value": 1999957.0,
            "min": 49466.0,
            "max": 1999957.0,
            "count": 40
        },
        "PreyController.Step.sum": {
            "value": 1999957.0,
            "min": 49466.0,
            "max": 1999957.0,
            "count": 40
        },
        "PreyController.Policy.ExtrinsicValueEstimate.mean": {
            "value": 5.346895217895508,
            "min": 0.5703091621398926,
            "max": 7.086156368255615,
            "count": 40
        },
        "PreyController.Policy.ExtrinsicValueEstimate.sum": {
            "value": 465.17987060546875,
            "min": 47.33565902709961,
            "max": 603.0552368164062,
            "count": 40
        },
        "PreyController.Environment.CumulativeReward.mean": {
            "value": 41.95402298850575,
            "min": 30.0,
            "max": 50.0,
            "count": 40
        },
        "PreyController.Environment.CumulativeReward.sum": {
            "value": 3650.0,
            "min": 2700.0,
            "max": 4150.0,
            "count": 40
        },
        "PreyController.Policy.ExtrinsicReward.mean": {
            "value": 41.95402298850575,
            "min": 30.0,
            "max": 50.0,
            "count": 40
        },
        "PreyController.Policy.ExtrinsicReward.sum": {
            "value": 3650.0,
            "min": 2700.0,
            "max": 4150.0,
            "count": 40
        },
        "PreyController.Losses.PolicyLoss.mean": {
            "value": 0.014665348228299992,
            "min": 0.013512139385420596,
            "max": 0.020720350876379398,
            "count": 40
        },
        "PreyController.Losses.PolicyLoss.sum": {
            "value": 0.043996044684899975,
            "min": 0.01435788337387041,
            "max": 0.05980616929979684,
            "count": 40
        },
        "PreyController.Losses.ValueLoss.mean": {
            "value": 31.312039248148597,
            "min": 26.955078072018097,
            "max": 34.86106437291854,
            "count": 40
        },
        "PreyController.Losses.ValueLoss.sum": {
            "value": 93.9361177444458,
            "min": 27.853885184393988,
            "max": 101.893115679423,
            "count": 40
        },
        "PreyController.Policy.LearningRate.mean": {
            "value": 1.3808486192499976e-06,
            "min": 1.3808486192499976e-06,
            "max": 9.861870138130005e-05,
            "count": 40
        },
        "PreyController.Policy.LearningRate.sum": {
            "value": 4.142545857749993e-06,
            "min": 4.142545857749993e-06,
            "max": 0.00022102562897445002,
            "count": 40
        },
        "PreyController.Policy.Epsilon.mean": {
            "value": 0.10138075,
            "min": 0.10138075,
            "max": 0.19861869999999998,
            "count": 40
        },
        "PreyController.Policy.Epsilon.sum": {
            "value": 0.30414225,
            "min": 0.1860352,
            "max": 0.5210255499999998,
            "count": 40
        },
        "PreyController.Policy.Beta.mean": {
            "value": 7.889942499999987e-05,
            "min": 7.889942499999987e-05,
            "max": 0.004931073129999999,
            "count": 40
        },
        "PreyController.Policy.Beta.sum": {
            "value": 0.00023669827499999958,
            "min": 0.00023669827499999958,
            "max": 0.011059174945000003,
            "count": 40
        },
        "PreyController.IsTraining.mean": {
            "value": 1.0,
            "min": 1.0,
            "max": 1.0,
            "count": 40
        },
        "PreyController.IsTraining.sum": {
            "value": 1.0,
            "min": 1.0,
            "max": 1.0,
            "count": 40
        },
        "HunterController.Policy.Entropy.mean": {
            "value": 1.4257886409759521,
            "min": 1.4192167520523071,
            "max": 1.4268743991851807,
            "count": 40
        },
        "HunterController.Policy.Entropy.sum": {
            "value": 68951.140625,
            "min": 66487.1015625,
            "max": 88596.0234375,
            "count": 40
        },
        "HunterController.Environment.EpisodeLength.mean": {
            "value": 576.4186046511628,
            "min": 540.7582417582418,
            "max": 599.0,
            "count": 40
        },
        "HunterController.Environment.EpisodeLength.sum": {
            "value": 49572.0,
            "min": 45968.0,
            "max": 61363.0,
            "count": 40
        },
        "HunterController.Step.mean": {
            "value": 1999957.0,
            "min": 49466.0,
            "max": 1999957.0,
            "count": 40
        },
        "HunterController.Step.sum": {
            "value": 1999957.0,
            "min": 49466.0,
            "max": 1999957.0,
            "count": 40
        },
        "HunterController.Policy.ExtrinsicValueEstimate.mean": {
            "value": -13.483210563659668,
            "min": -15.549405097961426,
            "max": -0.9368085861206055,
            "count": 40
        },
        "HunterController.Policy.ExtrinsicValueEstimate.sum": {
            "value": -1173.039306640625,
            "min": -1315.250244140625,
            "max": -77.75511169433594,
            "count": 40
        },
        "HunterController.Environment.CumulativeReward.mean": {
            "value": -90.39942498042666,
            "min": -102.03373460884553,
            "max": -74.62663016111955,
            "count": 40
        },
        "HunterController.Environment.CumulativeReward.sum": {
            "value": -7864.749973297119,
            "min": -8468.79997253418,
            "max": -6755.449995040894,
            "count": 40
        },
        "HunterController.Policy.ExtrinsicReward.mean": {
            "value": -90.39942498042666,
            "min": -102.03373460884553,
            "max": -74.62663016111955,
            "count": 40
        },
        "HunterController.Policy.ExtrinsicReward.sum": {
            "value": -7864.749973297119,
            "min": -8468.79997253418,
            "max": -6755.449995040894,
            "count": 40
        },
        "HunterController.Losses.PolicyLoss.mean": {
            "value": 0.013810742826899513,
            "min": 0.01183077104894134,
            "max": 0.020747176536072706,
            "count": 40
        },
        "HunterController.Losses.PolicyLoss.sum": {
            "value": 0.04143222848069854,
            "min": 0.01183077104894134,
            "max": 0.05219455451345614,
            "count": 40
        },
        "HunterController.Losses.ValueLoss.mean": {
            "value": 12.435409280988907,
            "min": 6.581676806343926,
            "max": 38.694840944730316,
            "count": 40
        },
        "HunterController.Losses.ValueLoss.sum": {
            "value": 37.30622784296672,
            "min": 12.339426740010579,
            "max": 64.140959209866,
            "count": 40
        },
        "HunterController.Policy.LearningRate.mean": {
            "value": 1.3808486192499976e-06,
            "min": 1.3808486192499976e-06,