{
    "name": "root",
    "gauges": {
        "PreyController.Policy.Entropy.mean": {
            "value": 1.4308723211288452,
            "min": 1.4198116064071655,
            "max": 1.4337271451950073,
            "count": 40
        },
        "PreyController.Policy.Entropy.sum": {
            "value": 70639.3046875,
            "min": 63014.11328125,
            "max": 87254.5234375,
            "count": 40
        },
        "PreyController.Environment.EpisodeLength.mean": {
            "value": 318.03821656050957,
            "min": 299.6047904191617,
            "max": 579.8255813953489,
            "count": 40
        },
        "PreyController.Environment.EpisodeLength.sum": {
            "value": 49932.0,
            "min": 46598.0,
            "max": 53283.0,
            "count": 40
        },
        "PreyController.Step.mean": {
            "value": 1999814.0,
            "min": 49982.0,
            "max": 1999814.0,
            "count": 40
        },
        "PreyController.Step.sum": {
            "value": 1999814.0,
            "min": 49982.0,
            "max": 1999814.0,
            "count": 40
        },
        "PreyController.Policy.ExtrinsicValueEstimate.mean": {
            "value": -5.736879825592041,
            "min": -5.898193359375,
            "max": 5.639438629150391,
            "count": 40
        },
        "PreyController.Policy.ExtrinsicValueEstimate.sum": {
            "value": -900.6901245117188,
            "min": -931.91455078125,
            "max": 496.2705993652344,
            "count": 40
        },
        "PreyController.Environment.CumulativeReward.mean": {
            "value": -25.796178343949045,
            "min": -28.44311377245509,
            "max": 41.27906976744186,
            "count": 40
        },
        "PreyController.Environment.CumulativeReward.sum": {
            "value": -4050.0,
            "min": -4750.0,
            "max": 3550.0,
            "count": 40
        },
        "PreyController.Policy.ExtrinsicReward.mean": {
            "value": -25.796178343949045,
            "min": -28.44311377245509,
            "max": 41.27906976744186,
            "count": 40
        },
        "PreyController.Policy.ExtrinsicReward.sum": {
            "value": -4050.0,
            "min": -4750.0,
            "max": 3550.0,
            "count": 40
        },
        "PreyController.Losses.PolicyLoss.mean": {
            "value": 0.014518687640860057,
            "min": 0.013843614360497062,
            "max": 0.01857815749826841,
            "count": 40
        },
        "PreyController.Losses.PolicyLoss.sum": {
            "value": 0.04355606292258017,
            "min": 0.017622159241970317,
            "max": 0.05446517189440783,
            "count": 40
        },
        "PreyController.Losses.ValueLoss.mean": {
            "value": 71.60035827636719,
            "min": 31.875769271850587,
            "max": 71.60035827636719,
            "count": 40
        },
        "PreyController.Losses.ValueLoss.sum": {
            "value": 214.80107482910157,
            "min": 51.34533685048421,
            "max": 214.80107482910157,
            "count": 40
        },
        "PreyController.Policy.LearningRate.mean": {
            "value": 1.3826319508000023e-06,
            "min": 1.3826319508000023e-06,
            "max": 9.875805124195e-05,
            "count": 40
        },
        "PreyController.Policy.LearningRate.sum": {
            "value": 4.1478958524000066e-06,
            "min": 4.1478958524000066e-06,
            "max": 0.00028913086086915,
            "count": 40
        },
        "PreyController.Policy.Epsilon.mean": {
            "value": 0.10138253333333332,
            "min": 0.10138253333333332,
            "max": 0.19875805000000005,
            "count": 40
        },
        "PreyController.Policy.Epsilon.sum": {
            "value": 0.30414759999999996,
            "min": 0.19875805000000005,
            "max": 0.58913085,
            "count": 40
        },
        "PreyController.Policy.Beta.mean": {
            "value": 7.898841333333344e-05,
            "min": 7.898841333333344e-05,
            "max": 0.004938026694999999,
            "count": 40
        },
        "PreyController.Policy.Beta.sum": {
            "value": 0.00023696524000000035,
            "min": 0.00023696524000000035,
            "max": 0.014457629415,
            "count": 40
        },
        "PreyController.IsTraining.mean": {
            "value": 1.0,
            "min": 1.0,
            "max": 1.0,
            "count": 40
        },
        "PreyController.IsTraining.sum": {
            "value": 1.0,
            "min": 1.0,
            "max": 1.0,
            "count": 40
        },
        "HunterController.Policy.Entropy.mean": {
            "value": 1.4076319932937622,
            "min": 1.4076319932937622,
            "max": 1.4191733598709106,
            "count": 40
        },
        "HunterController.Policy.Entropy.sum": {
            "value": 69491.9765625,
            "min": 55332.6875,
            "max": 91688.171875,
            "count": 40
        },
        "HunterController.Environment.EpisodeLength.mean": {
            "value": 318.03821656050957,
            "min": 299.6047904191617,
            "max": 583.1780821917808,
            "count": 40
        },
        "HunterController.Environment.EpisodeLength.sum": {
            "value": 49932.0,
            "min": 42146.0,
            "max": 58524.0,
            "count": 40
        },
        "HunterController.Step.mean": {
            "value": 1999814.0,
            "min": 49982.0,
            "max": 1999814.0,
            "count": 40
        },
        "HunterController.Step.sum": {
            "value": 1999814.0,
            "min": 49982.0,
            "max": 1999814.0,
            "count": 40
        },
        "HunterController.Policy.ExtrinsicValueEstimate.mean": {
            "value": -2.55580472946167,
            "min": -17.56601905822754,
            "max": -0.6902215480804443,
            "count": 40
        },
        "HunterController.Policy.ExtrinsicValueEstimate.sum": {
            "value": -401.2613525390625,
            "min": -1557.076171875,
            "max": -71.78304290771484,
            "count": 40
        },
        "HunterController.Environment.CumulativeReward.mean": {
            "value": -11.268789443240804,
            "min": -119.01279099043026,
            "max": -1.7152694941994673,
            "count": 40
        },
        "HunterController.Environment.CumulativeReward.sum": {
            "value": -1769.1999425888062,
            "min": -11750.79988861084,
            "max": -286.45000553131104,
            "count": 40
        },
        "HunterController.Policy.ExtrinsicReward.mean": {
            "value": -11.268789443240804,
            "min": -119.01279099043026,
            "max": -1.7152694941994673,
            "count": 40
        },
        "HunterController.Policy.ExtrinsicReward.sum": {
            "value": -1769.1999425888062,
            "min": -11750.79988861084,
            "max": -286.45000553131104,
            "count": 40
        },
        "HunterController.Losses.PolicyLoss.mean": {
            "value": 0.012587750388047426,
            "min": 0.009570262564811855,
            "max": 0.014641414717771114,
            "count": 40
        },
        "HunterController.Losses.PolicyLoss.sum": {
            "value": 0.012587750388047426,
            "min": 0.009570262564811855,
            "max": 0.02673345759510994,
            "count": 40
        },
        "HunterController.Losses.ValueLoss.mean": {
            "value": 55.57707984924316,
            "min": 10.49965036392212,
            "max": 82.48857475280762,
            "count": 40
        },
        "HunterController.Losses.ValueLoss.sum": {
            "value": 55.57707984924316,
            "min": 10.49965036392212,
            "max": 114.95945312500001,
            "count": 40
        },