{
    "name": "root",
    "gauges": {
        "HunterController.Policy.Entropy.mean": {
            "value": 1.3995612859725952,
            "min": 1.3995612859725952,
            "max": 1.4158128499984741,
            "count": 15
        },
        "HunterController.Policy.Entropy.sum": {
            "value": 69664.5625,
            "min": 68380.9453125,
            "max": 72474.046875,
            "count": 15
        },
        "HunterController.Step.mean": {
            "value": 749958.0,
            "min": 49980.0,
            "max": 749958.0,
            "count": 15
        },
        "HunterController.Step.sum": {
            "value": 749958.0,
            "min": 49980.0,
            "max": 749958.0,
            "count": 15
        },
        "HunterController.Policy.ExtrinsicValueEstimate.mean": {
            "value": -155.65321350097656,
            "min": -186.66004943847656,
            "max": -37.09700393676758,
            "count": 15
        },
        "HunterController.Policy.ExtrinsicValueEstimate.sum": {
            "value": -154407.984375,
            "min": -160100.65625,
            "max": -30048.572265625,
            "count": 15
        },
        "HunterController.Environment.EpisodeLength.mean": {
            "value": 122.68717948717949,
            "min": 122.68717948717949,
            "max": 440.7368421052632,
            "count": 15
        },
        "HunterController.Environment.EpisodeLength.sum": {
            "value": 47848.0,
            "min": 39992.0,
            "max": 54133.0,
            "count": 15
        },
        "HunterController.Environment.CumulativeReward.mean": {
            "value": -347.19320254692667,
            "min": -1082.6342129289058,
            "max": -347.19320254692667,
            "count": 15
        },
        "HunterController.Environment.CumulativeReward.sum": {
            "value": -135405.3489933014,
            "min": -143122.49884605408,
            "max": -107013.35025215149,
            "count": 15
        },
        "HunterController.Policy.ExtrinsicReward.mean": {
            "value": -347.19320254692667,
            "min": -1082.6342129289058,
            "max": -347.19320254692667,
            "count": 15
        },
        "HunterController.Policy.ExtrinsicReward.sum": {
            "value": -135405.3489933014,
            "min": -143122.49884605408,
            "max": -107013.35025215149,
            "count": 15
        },
        "HunterController.Losses.PolicyLoss.mean": {
            "value": 0.024553170438933496,
            "min": 0.02064254975053976,
            "max": 0.027249547628744035,
            "count": 15
        },
        "HunterController.Losses.PolicyLoss.sum": {
            "value": 0.12276585219466749,
            "min": 0.08869437884017811,
            "max": 0.13624773814372018,
            "count": 15
        },
        "HunterController.Losses.ValueLoss.mean": {
            "value": 496.1184899902343,
            "min": 192.72100997462417,
            "max": 537.1893696085612,
            "count": 15
        },
        "HunterController.Losses.ValueLoss.sum": {
            "value": 2480.5924499511716,
            "min": 963.6050498731208,
            "max": 2685.946848042806,
            "count": 15
        },
        "HunterController.Policy.LearningRate.mean": {
            "value": 1.0067216644293332e-05,
            "min": 1.0067216644293332e-05,
            "max": 0.0002887868037377333,
            "count": 15
        },
        "HunterController.Policy.LearningRate.sum": {
            "value": 5.0336083221466665e-05,
            "min": 5.0336083221466665e-05,
            "max": 0.0013473696508768001,
            "count": 15
        },
        "HunterController.Policy.Epsilon.mean": {
            "value": 0.10335570666666667,
            "min": 0.10335570666666667,
            "max": 0.19626226666666668,
            "count": 15
        },
        "HunterController.Policy.Epsilon.sum": {
            "value": 0.5167785333333333,
            "min": 0.492964,
            "max": 0.9491232000000002,
            "count": 15
        },
        "HunterController.Policy.Beta.mean": {
            "value": 0.0001774497626666667,
            "min": 0.0001774497626666667,
            "max": 0.004813487106666667,
            "count": 15
        },
        "HunterController.Policy.Beta.sum": {
            "value": 0.0008872488133333335,
            "min": 0.0008872488133333335,
            "max": 0.022461247679999997,
            "count": 15
        },
        "HunterController.IsTraining.mean": {
            "value": 1.0,
            "min": 1.0,
            "max": 1.0,
            "count": 15
        },
        "HunterController.IsTraining.sum": {
            "value": 1.0,
            "min": 1.0,
            "max": 1.0,
            "count": 15
        },
        "PreyController.Policy.Entropy.mean": {
            "value": 1.4164427518844604,
            "min": 1.4159460067749023,
            "max": 1.4227328300476074,
            "count": 15
        },
        "PreyController.Policy.Entropy.sum": {
            "value": 70504.8515625,
            "min": 69578.546875,
            "max": 72618.0703125,
            "count": 15
        },
        "PreyController.Step.mean": {
            "value": 749958.0,
            "min": 49980.0,
            "max": 749958.0,
            "count": 15
        },
        "PreyController.Step.sum": {
            "value": 749958.0,
            "min": 49980.0,
            "max": 749958.0,
            "count": 15
        },
        "PreyController.Policy.ExtrinsicValueEstimate.mean": {
            "value": -0.840678870677948,
            "min": -0.840678870677948,
            "max": 5.188601970672607,
            "count": 15
        },
        "PreyController.Policy.ExtrinsicValueEstimate.sum": {
            "value": -833.9534301757812,
            "min": -833.9534301757812,
            "max": 4207.9560546875,
            "count": 15
        },
        "PreyController.Environment.EpisodeLength.mean": {
            "value": 122.68717948717949,
            "min": 122.68717948717949,
            "max": 440.7368421052632,
            "count": 15
        },
        "PreyController.Environment.EpisodeLength.sum": {
            "value": 47848.0,
            "min": 39992.0,
            "max": 54133.0,
            "count": 15
        },
        "PreyController.Environment.CumulativeReward.mean": {
            "value": -4.102564102564102,
            "min": -4.102564102564102,
            "max": 26.75438596491228,
            "count": 15
        },
        "PreyController.Environment.CumulativeReward.sum": {
            "value": -1600.0,
            "min": -1600.0,
            "max": 3050.0,
            "count": 15
        },
        "PreyController.Policy.ExtrinsicReward.mean": {
            "value": -4.102564102564102,
            "min": -4.102564102564102,
            "max": 26.75438596491228,
            "count": 15
        },
        "PreyController.Policy.ExtrinsicReward.sum": {
            "value": -1600.0,
            "min": -1600.0,
            "max": 3050.0,
            "count": 15
        },
        "PreyController.Losses.PolicyLoss.mean": {
            "value": 0.02358364688116126,
            "min": 0.02056293020645777,
            "max": 0.025922044849139635,
            "count": 15
        },
        "PreyController.Losses.PolicyLoss.sum": {
            "value": 0.11791823440580629,
            "min": 0.08790291613840964,
            "max": 0.12961022424569818,
            "count": 15
        },
        "PreyController.Losses.ValueLoss.mean": {
            "value": 31.2527581469218,
            "min": 31.2527581469218,
            "max": 68.67219566345216,
            "count": 15
        },
        "PreyController.Losses.ValueLoss.sum": {
            "value": 156.263790734609,
            "min": 156.10590564409893,
            "max": 343.3609783172608,
            "count": 15
        },