{
    "name": "root",
    "gauges": {
        "PreyController.Policy.Entropy.mean": {
            "value": 1.4320677518844604,
            "min": 1.4195256233215332,
            "max": 1.4326516389846802,
            "count": 40
        },
        "PreyController.Policy.Entropy.sum": {
            "value": 75153.484375,
            "min": 65729.875,
            "max": 87381.7421875,
            "count": 40
        },
        "PreyController.Environment.EpisodeLength.mean": {
            "value": 252.39593908629442,
            "min": 234.66981132075472,
            "max": 576.8255813953489,
            "count": 40
        },
        "PreyController.Environment.EpisodeLength.sum": {
            "value": 49722.0,
            "min": 47490.0,
            "max": 53313.0,
            "count": 40
        },
        "PreyController.Step.mean": {
            "value": 1999860.0,
            "min": 49819.0,
            "max": 1999860.0,
            "count": 40
        },
        "PreyController.Step.sum": {
            "value": 1999860.0,
            "min": 49819.0,
            "max": 1999860.0,
            "count": 40
        },
        "PreyController.Policy.ExtrinsicValueEstimate.mean": {
            "value": -9.759159088134766,
            "min": -9.759159088134766,
            "max": 5.407821178436279,
            "count": 40
        },
        "PreyController.Policy.ExtrinsicValueEstimate.sum": {
            "value": -1922.5543212890625,
            "min": -1936.24658203125,
            "max": 489.4771423339844,
            "count": 40
        },
        "PreyController.Environment.CumulativeReward.mean": {
            "value": -35.27918781725889,
            "min": -38.443396226415096,
            "max": 43.02325581395349,
            "count": 40
        },
        "PreyController.Environment.CumulativeReward.sum": {
            "value": -6950.0,
            "min": -8150.0,
            "max": 3700.0,
            "count": 40
        },
        "PreyController.Policy.ExtrinsicReward.mean": {
            "value": -35.27918781725889,
            "min": -38.443396226415096,
            "max": 43.02325581395349,
            "count": 40
        },
        "PreyController.Policy.ExtrinsicReward.sum": {
            "value": -6950.0,
            "min": -8150.0,
            "max": 3700.0,
            "count": 40
        },
        "PreyController.Losses.PolicyLoss.mean": {
            "value": 0.016786180771628603,
            "min": 0.011098283930429411,
            "max": 0.020424770296085627,
            "count": 40
        },
        "PreyController.Losses.PolicyLoss.sum": {
            "value": 0.050358542314885804,
            "min": 0.01775757796632307,
            "max": 0.05738613860060771,
            "count": 40
        },
        "PreyController.Losses.ValueLoss.mean": {
            "value": 62.93193126254612,
            "min": 32.92915715882272,
            "max": 70.56241416931152,
            "count": 40
        },
        "PreyController.Losses.ValueLoss.sum": {
            "value": 188.79579378763836,
            "min": 65.85831431764544,
            "max": 208.1020170847575,
            "count": 40
        },
        "PreyController.Policy.LearningRate.mean": {
            "value": 1.1942488058500014e-06,
            "min": 1.1942488058500014e-06,
            "max": 9.875315124685001e-05,
            "count": 40
        },
        "PreyController.Policy.LearningRate.sum": {
            "value": 3.5827464175500045e-06,
            "min": 3.5827464175500045e-06,
            "max": 0.00028925056074945,
            "count": 40
        },
        "PreyController.Policy.Epsilon.mean": {
            "value": 0.10119415000000004,
            "min": 0.10119415000000004,
            "max": 0.19875315000000002,
            "count": 40
        },
        "PreyController.Policy.Epsilon.sum": {
            "value": 0.3035824500000001,
            "min": 0.19875315000000002,
            "max": 0.58925055,
            "count": 40
        },
        "PreyController.Policy.Beta.mean": {
            "value": 6.958808500000005e-05,
            "min": 6.958808500000005e-05,
            "max": 0.004937782185,
            "count": 40
        },
        "PreyController.Policy.Beta.sum": {
            "value": 0.00020876425500000016,
            "min": 0.00020876425500000016,
            "max": 0.014463602445000001,
            "count": 40
        },
        "PreyController.IsTraining.mean": {
            "value": 1.0,
            "min": 1.0,
            "max": 1.0,
            "count": 40
        },
        "PreyController.IsTraining.sum": {
            "value": 1.0,
            "min": 1.0,
            "max": 1.0,
            "count": 40
        },
        "HunterController.Policy.Entropy.mean": {
            "value": 1.4184681177139282,
            "min": 1.4184681177139282,
            "max": 1.423641562461853,
            "count": 40
        },
        "HunterController.Policy.Entropy.sum": {
            "value": 74439.7890625,
            "min": 65119.8359375,
            "max": 87511.8828125,
            "count": 40
        },
        "HunterController.Environment.EpisodeLength.mean": {
            "value": 252.39593908629442,
            "min": 234.66981132075472,
            "max": 576.8255813953489,
            "count": 40
        },
        "HunterController.Environment.EpisodeLength.sum": {
            "value": 49722.0,
            "min": 47490.0,
            "max": 53313.0,
            "count": 40
        },
        "HunterController.Step.mean": {
            "value": 1999860.0,
            "min": 49819.0,
            "max": 1999860.0,
            "count": 40
        },
        "HunterController.Step.sum": {
            "value": 1999860.0,
            "min": 49819.0,
            "max": 1999860.0,
            "count": 40
        },
        "HunterController.Policy.ExtrinsicValueEstimate.mean": {
            "value": 6.660038471221924,
            "min": -14.238495826721191,
            "max": 6.660038471221924,
            "count": 40
        },
        "HunterController.Policy.ExtrinsicValueEstimate.sum": {
            "value": 1312.027587890625,
            "min": -1279.968505859375,
            "max": 1317.44384765625,
            "count": 40
        },
        "HunterController.Environment.CumulativeReward.mean": {
            "value": 24.93984829471801,
            "min": -94.05617925022425,
            "max": 31.388679724819255,
            "count": 40
        },
        "HunterController.Environment.CumulativeReward.sum": {
            "value": 4913.150114059448,
            "min": -8370.999953269958,
            "max": 6654.400101661682,
            "count": 40
        },
        "HunterController.Policy.ExtrinsicReward.mean": {
            "value": 24.93984829471801,
            "min": -94.05617925022425,
            "max": 31.388679724819255,
            "count": 40
        },
        "HunterController.Policy.ExtrinsicReward.sum": {
            "value": 4913.150114059448,
            "min": -8370.999953269958,
            "max": 6654.400101661682,
            "count": 40
        },
        "HunterController.Losses.PolicyLoss.mean": {
            "value": 0.017036403647539878,
            "min": 0.013075912638992626,
            "max": 0.020338799367891625,
            "count": 40
        },
        "HunterController.Losses.PolicyLoss.sum": {
            "value": 0.05110921094261964,
            "min": 0.014213685605176983,
            "max": 0.0558402800069113,
            "count": 40
        },
        "HunterController.Losses.ValueLoss.mean": {
            "value": 75.18052444458009,
            "min": 12.809036379149466,
            "max": 79.60383279588486,
            "count": 40
        },
        "HunterController.Losses.ValueLoss.sum": {
            "value": 225.54157333374025,
            "min": 25.618072758298933,
            "max": 238.81149838765458,
            "count": 40
        },