{
    "name": "root",
    "gauges": {
        "PreyController.Policy.Entropy.mean": {
            "value": 1.5506731271743774,
            "min": 1.4243104457855225,
            "max": 1.5585957765579224,
            "count": 35
        },
        "PreyController.Policy.Entropy.sum": {
            "value": 77186.3046875,
            "min": 70958.59375,
            "max": 78118.34375,
            "count": 35
        },
        "PreyController.Environment.EpisodeLength.mean": {
            "value": 38.374314800313236,
            "min": 38.374314800313236,
            "max": 453.1666666666667,
            "count": 35
        },
        "PreyController.Environment.EpisodeLength.sum": {
            "value": 49004.0,
            "min": 43574.0,
            "max": 52041.0,
            "count": 35
        },
        "PreyController.Step.mean": {
            "value": 1749975.0,
            "min": 49966.0,
            "max": 1749975.0,
            "count": 35
        },
        "PreyController.Step.sum": {
            "value": 1749975.0,
            "min": 49966.0,
            "max": 1749975.0,
            "count": 35
        },
        "PreyController.Policy.ExtrinsicValueEstimate.mean": {
            "value": -7.526038646697998,
            "min": -7.667703151702881,
            "max": 7.765279293060303,
            "count": 35
        },
        "PreyController.Policy.ExtrinsicValueEstimate.sum": {
            "value": -11289.0576171875,
            "min": -11289.0576171875,
            "max": 6328.70263671875,
            "count": 35
        },
        "PreyController.Environment.CumulativeReward.mean": {
            "value": -10.093896713615024,
            "min": -10.434322033898304,
            "max": 30.263157894736842,
            "count": 35
        },
        "PreyController.Environment.CumulativeReward.sum": {
            "value": -12900.0,
            "min": -12900.0,
            "max": 3450.0,
            "count": 35
        },
        "PreyController.Policy.ExtrinsicReward.mean": {
            "value": -10.093896713615024,
            "min": -10.434322033898304,
            "max": 30.263157894736842,
            "count": 35
        },
        "PreyController.Policy.ExtrinsicReward.sum": {
            "value": -12900.0,
            "min": -12900.0,
            "max": 3450.0,
            "count": 35
        },
        "PreyController.Losses.PolicyLoss.mean": {
            "value": 0.023195050364593045,
            "min": 0.021151208173881362,
            "max": 0.02850224596603463,
            "count": 35
        },
        "PreyController.Losses.PolicyLoss.sum": {
            "value": 0.11597525182296523,
            "min": 0.08683426647224803,
            "max": 0.14251122983017314,
            "count": 35
        },
        "PreyController.Losses.ValueLoss.mean": {
            "value": 76.16894518534343,
            "min": 28.58130819320679,
            "max": 76.16894518534343,
            "count": 35
        },
        "PreyController.Losses.ValueLoss.sum": {
            "value": 380.84472592671716,
            "min": 142.90654096603396,
            "max": 380.84472592671716,
            "count": 35
        },
        "PreyController.Policy.LearningRate.mean": {
            "value": 4.987038405194288e-05,
            "min": 4.987038405194288e-05,
            "max": 0.0029533075729849855,
            "count": 35
        },
        "PreyController.Policy.LearningRate.sum": {
            "value": 0.0002493519202597144,
            "min": 0.0002493519202597144,
            "max": 0.014365513735435256,
            "count": 35
        },
        "PreyController.Policy.Epsilon.mean": {
            "value": 0.09867012571428571,
            "min": 0.02124513142857143,
            "max": 0.09867012571428571,
            "count": 35
        },
        "PreyController.Policy.Epsilon.sum": {
            "value": 0.4933506285714286,
            "min": 0.08498052571428572,
            "max": 0.4933506285714286,
            "count": 35
        },
        "PreyController.Policy.Beta.mean": {
            "value": 9.295090857142859e-05,
            "min": 9.295090857142859e-05,
            "max": 0.004922334927142858,
            "count": 35
        },
        "PreyController.Policy.Beta.sum": {
            "value": 0.000464754542857143,
            "min": 0.000464754542857143,
            "max": 0.02394463781142857,
            "count": 35
        },
        "PreyController.IsTraining.mean": {
            "value": 1.0,
            "min": 1.0,
            "max": 1.0,
            "count": 35
        },
        "PreyController.IsTraining.sum": {
            "value": 1.0,
            "min": 1.0,
            "max": 1.0,
            "count": 35
        },
        "HunterController.Policy.Entropy.mean": {
            "value": 1.28659987449646,
            "min": 1.28659987449646,
            "max": 1.4383771419525146,
            "count": 35
        },
        "HunterController.Policy.Entropy.sum": {
            "value": 64041.796875,
            "min": 64041.796875,
            "max": 72660.3203125,
            "count": 35
        },
        "HunterController.Environment.EpisodeLength.mean": {
            "value": 38.374314800313236,
            "min": 38.374314800313236,
            "max": 453.1666666666667,
            "count": 35
        },
        "HunterController.Environment.EpisodeLength.sum": {
            "value": 49004.0,
            "min": 43574.0,
            "max": 52041.0,
            "count": 35
        },
        "HunterController.Step.mean": {
            "value": 1749975.0,
            "min": 49966.0,
            "max": 1749975.0,
            "count": 35
        },
        "HunterController.Step.sum": {
            "value": 1749975.0,
            "min": 49966.0,
            "max": 1749975.0,
            "count": 35
        },
        "HunterController.Policy.ExtrinsicValueEstimate.mean": {
            "value": -94.93022918701172,
            "min": -198.41448974609375,
            "max": -47.90581130981445,
            "count": 35
        },
        "HunterController.Policy.ExtrinsicValueEstimate.sum": {
            "value": -142395.34375,
            "min": -161509.390625,
            "max": -38947.42578125,
            "count": 35
        },
        "HunterController.Environment.CumulativeReward.mean": {
            "value": -142.65457740747874,
            "min": -1109.866666183137,
            "max": -142.65457740747874,
            "count": 35
        },
        "HunterController.Environment.CumulativeReward.sum": {
            "value": -182312.5499267578,
            "min": -184112.89983654022,
            "max": -106828.19979286194,
            "count": 35
        },
        "HunterController.Policy.ExtrinsicReward.mean": {
            "value": -142.65457740747874,
            "min": -1109.866666183137,
            "max": -142.65457740747874,
            "count": 35
        },
        "HunterController.Policy.ExtrinsicReward.sum": {
            "value": -182312.5499267578,
            "min": -184112.89983654022,
            "max": -106828.19979286194,
            "count": 35
        },
        "HunterController.Losses.PolicyLoss.mean": {
            "value": 0.023388469428561313,
            "min": 0.01938186975627711,
            "max": 0.026813952673716508,
            "count": 35
        },
        "HunterController.Losses.PolicyLoss.sum": {
            "value": 0.11694234714280657,
            "min": 0.07752747902510844,
            "max": 0.13406976336858253,
            "count": 35
        },
        "HunterController.Losses.ValueLoss.mean": {
            "value": 794.3008247884114,
            "min": 183.83672231038412,
            "max": 794.3008247884114,
            "count": 35
        },
        "HunterController.Losses.ValueLoss.sum": {
            "value": 3971.504123942057,
            "min": 771.6498477126613,
            "max": 3971.504123942057,
            "count": 35
        },