{
    "name": "root",
    "gauges": {
        "HunterController.Policy.Entropy.mean": {
            "value": 1.3008395433425903,
            "min": 1.3008395433425903,
            "max": 1.4222763776779175,
            "count": 100
        },
        "HunterController.Policy.Entropy.sum": {
            "value": 64816.9296875,
            "min": 61352.37890625,
            "max": 77143.8359375,
            "count": 100
        },
        "HunterController.Environment.EpisodeLength.mean": {
            "value": 153.21604938271605,
            "min": 134.46612466124662,
            "max": 301.2960893854749,
            "count": 100
        },
        "HunterController.Environment.EpisodeLength.sum": {
            "value": 49642.0,
            "min": 45740.0,
            "max": 53932.0,
            "count": 100
        },
        "HunterController.Step.mean": {
            "value": 4999987.0,
            "min": 49866.0,
            "max": 4999987.0,
            "count": 100
        },
        "HunterController.Step.sum": {
            "value": 4999987.0,
            "min": 49866.0,
            "max": 4999987.0,
            "count": 100
        },
        "HunterController.Policy.ExtrinsicValueEstimate.mean": {
            "value": 6.84961462020874,
            "min": -22.489988327026367,
            "max": 12.586906433105469,
            "count": 100
        },
        "HunterController.Policy.ExtrinsicValueEstimate.sum": {
            "value": 2219.275146484375,
            "min": -3806.47705078125,
            "max": 4644.568359375,
            "count": 100
        },
        "HunterController.Environment.CumulativeReward.mean": {
            "value": 11.031636205720313,
            "min": -80.16377172641411,
            "max": 30.575549565828762,
            "count": 100
        },
        "HunterController.Environment.CumulativeReward.sum": {
            "value": 3574.2501306533813,
            "min": -13600.49988746643,
            "max": 11129.50004196167,
            "count": 100
        },
        "HunterController.Policy.ExtrinsicReward.mean": {
            "value": 11.031636205720313,
            "min": -80.16377172641411,
            "max": 30.575549565828762,
            "count": 100
        },
        "HunterController.Policy.ExtrinsicReward.sum": {
            "value": 3574.2501306533813,
            "min": -13600.49988746643,
            "max": 11129.50004196167,
            "count": 100
        },
        "HunterController.Losses.PolicyLoss.mean": {
            "value": 0.010809029120646301,
            "min": 0.0098979086410327,
            "max": 0.01453942705411464,
            "count": 100
        },
        "HunterController.Losses.PolicyLoss.sum": {
            "value": 0.010809029120646301,
            "min": 0.0098979086410327,
            "max": 0.02582019272474099,
            "count": 100
        },
        "HunterController.Losses.ValueLoss.mean": {
            "value": 83.1411264038086,
            "min": 11.230349493026733,
            "max": 95.57476676940918,
            "count": 100
        },
        "HunterController.Losses.ValueLoss.sum": {
            "value": 83.1411264038086,
            "min": 11.230349493026733,
            "max": 176.5526316833496,
            "count": 100
        },
        "HunterController.Policy.LearningRate.mean": {
            "value": 3.977796023200003e-07,
            "min": 3.977796023200003e-07,
            "max": 9.917194082806002e-05,
            "count": 100
        },
        "HunterController.Policy.LearningRate.sum": {
            "value": 3.977796023200003e-07,
            "min": 3.977796023200003e-07,
            "max": 0.00019091978908022,
            "count": 100
        },
        "HunterController.Policy.Epsilon.mean": {
            "value": 0.10039768000000002,
            "min": 0.10039768000000002,
            "max": 0.19917194,
            "count": 100
        },
        "HunterController.Policy.Epsilon.sum": {
            "value": 0.10039768000000002,
            "min": 0.10039768000000002,
            "max": 0.39091978,
            "count": 100
        },
        "HunterController.Policy.Beta.mean": {
            "value": 2.9844232000000012e-05,
            "min": 2.9844232000000012e-05,
            "max": 0.004958679805999999,
            "count": 100
        },
        "HunterController.Policy.Beta.sum": {
            "value": 2.9844232000000012e-05,
            "min": 2.9844232000000012e-05,
            "max": 0.009546897022000001,
            "count": 100
        },
        "HunterController.IsTraining.mean": {
            "value": 1.0,
            "min": 1.0,
            "max": 1.0,
            "count": 100
        },
        "HunterController.IsTraining.sum": {
            "value": 1.0,
            "min": 1.0,
            "max": 1.0,
            "count": 100
        },
        "PreyController.Policy.Entropy.mean": {
            "value": 1.390176773071289,
            "min": 1.390176773071289,
            "max": 1.4290883541107178,
            "count": 100
        },
        "PreyController.Policy.Entropy.sum": {
            "value": 71678.90625,
            "min": 65511.6171875,
            "max": 77156.203125,
            "count": 100
        },
        "PreyController.Environment.EpisodeLength.mean": {
            "value": 151.7507418397626,
            "min": 134.46612466124662,
            "max": 302.0969696969697,
            "count": 100
        },
        "PreyController.Environment.EpisodeLength.sum": {
            "value": 51140.0,
            "min": 46412.0,
            "max": 53004.0,
            "count": 100
        },
        "PreyController.Step.mean": {
            "value": 4999987.0,
            "min": 49866.0,
            "max": 4999987.0,
            "count": 100
        },
        "PreyController.Step.sum": {
            "value": 4999987.0,
            "min": 49866.0,
            "max": 4999987.0,
            "count": 100
        },
        "PreyController.Policy.ExtrinsicValueEstimate.mean": {
            "value": -10.384474754333496,
            "min": -14.85596752166748,
            "max": 11.677200317382812,
            "count": 100
        },
        "PreyController.Policy.ExtrinsicValueEstimate.sum": {
            "value": -3364.56982421875,
            "min": -5283.8408203125,
            "max": 1956.075927734375,
            "count": 100
        },
        "PreyController.Environment.CumulativeReward.mean": {
            "value": -24.537037037037038,
            "min": -37.22527472527472,
            "max": 46.10778443113772,
            "count": 100
        },
        "PreyController.Environment.CumulativeReward.sum": {
            "value": -7950.0,
            "min": -13550.0,
            "max": 7700.0,
            "count": 100
        },
        "PreyController.Policy.ExtrinsicReward.mean": {
            "value": -24.537037037037038,
            "min": -37.22527472527472,
            "max": 46.10778443113772,
            "count": 100
        },
        "PreyController.Policy.ExtrinsicReward.sum": {
            "value": -7950.0,
            "min": -13550.0,
            "max": 7700.0,
            "count": 100
        },
        "PreyController.Losses.PolicyLoss.mean": {
            "value": 0.015359502490755406,
            "min": 0.014140347148058936,
            "max": 0.020639615591280743,
            "count": 100
        },
        "PreyController.Losses.PolicyLoss.sum": {
            "value": 0.04607850747226622,
            "min": 0.028280694296117872,
            "max": 0.05683117296564888,
            "count": 100
        },
        "PreyController.Losses.ValueLoss.mean": {
            "value": 138.01458877563476,
            "min": 43.26384943644206,
            "max": 145.94539299011228,
            "count": 100
        },
        "PreyController.Losses.ValueLoss.sum": {
            "value": 414.0437663269043,
            "min": 99.65790069580078,
            "max": 427.965609588623,
            "count": 100
        },