{
    "name": "root",
    "gauges": {
        "PreyController.Policy.Entropy.mean": {
            "value": 1.4325754642486572,
            "min": 1.4200618267059326,
            "max": 1.4349853992462158,
            "count": 15
        },
        "PreyController.Policy.Entropy.sum": {
            "value": 71326.5,
            "min": 71038.5859375,
            "max": 72495.578125,
            "count": 15
        },
        "PreyController.Environment.EpisodeLength.mean": {
            "value": 46.683508102955194,
            "min": 46.683508102955194,
            "max": 396.65765765765764,
            "count": 15
        },
        "PreyController.Environment.EpisodeLength.sum": {
            "value": 48971.0,
            "min": 44029.0,
            "max": 53186.0,
            "count": 15
        },
        "PreyController.Step.mean": {
            "value": 749948.0,
            "min": 49948.0,
            "max": 749948.0,
            "count": 15
        },
        "PreyController.Step.sum": {
            "value": 749948.0,
            "min": 49948.0,
            "max": 749948.0,
            "count": 15
        },
        "PreyController.Policy.ExtrinsicValueEstimate.mean": {
            "value": -0.840204119682312,
            "min": -0.8425964117050171,
            "max": 2.7375311851501465,
            "count": 15
        },
        "PreyController.Policy.ExtrinsicValueEstimate.sum": {
            "value": -1155.2806396484375,
            "min": -1155.2806396484375,
            "max": 2346.064208984375,
            "count": 15
        },
        "PreyController.Environment.CumulativeReward.mean": {
            "value": -1.0009532888465205,
            "min": -3.6511156186612577,
            "max": 14.953271028037383,
            "count": 15
        },
        "PreyController.Environment.CumulativeReward.sum": {
            "value": -1050.0,
            "min": -1800.0,
            "max": 1600.0,
            "count": 15
        },
        "PreyController.Policy.ExtrinsicReward.mean": {
            "value": -1.0009532888465205,
            "min": -3.6511156186612577,
            "max": 14.953271028037383,
            "count": 15
        },
        "PreyController.Policy.ExtrinsicReward.sum": {
            "value": -1050.0,
            "min": -1800.0,
            "max": 1600.0,
            "count": 15
        },
        "PreyController.Losses.PolicyLoss.mean": {
            "value": 0.021769249145872895,
            "min": 0.021769249145872895,
            "max": 0.02620255180062183,
            "count": 15
        },
        "PreyController.Losses.PolicyLoss.sum": {
            "value": 0.10884624572936447,
            "min": 0.08720115853890699,
            "max": 0.13101275900310916,
            "count": 15
        },
        "PreyController.Losses.ValueLoss.mean": {
            "value": 10.777583456039428,
            "min": 10.777583456039428,
            "max": 64.05928843180338,
            "count": 15
        },
        "PreyController.Losses.ValueLoss.sum": {
            "value": 53.887917280197144,
            "min": 53.887917280197144,
            "max": 320.2964421590169,
            "count": 15
        },
        "PreyController.Policy.LearningRate.mean": {
            "value": 1.0455536514853329e-05,
            "min": 1.0455536514853329e-05,
            "max": 0.00028893510368829995,
            "count": 15
        },
        "PreyController.Policy.LearningRate.sum": {
            "value": 5.227768257426665e-05,
            "min": 5.227768257426665e-05,
            "max": 0.0013494744501751999,
            "count": 15
        },
        "PreyController.Policy.Epsilon.mean": {
            "value": 0.10348514666666667,
            "min": 0.10348514666666667,
            "max": 0.1963117,
            "count": 15
        },
        "PreyController.Policy.Epsilon.sum": {
            "value": 0.5174257333333333,
            "min": 0.49350546666666656,
            "max": 0.9498248,
            "count": 15
        },
        "PreyController.Policy.Beta.mean": {
            "value": 0.00018390881866666662,
            "min": 0.00018390881866666662,
            "max": 0.004815953830000001,
            "count": 15
        },
        "PreyController.Policy.Beta.sum": {
            "value": 0.000919544093333333,
            "min": 0.000919544093333333,
            "max": 0.02249625752,
            "count": 15
        },
        "PreyController.IsTraining.mean": {
            "value": 1.0,
            "min": 1.0,
            "max": 1.0,
            "count": 15
        },
        "PreyController.IsTraining.sum": {
            "value": 1.0,
            "min": 1.0,
            "max": 1.0,
            "count": 15
        },
        "HunterController.Policy.Entropy.mean": {
            "value": 1.3470078706741333,
            "min": 1.3470078706741333,
            "max": 1.4137890338897705,
            "count": 15
        },
        "HunterController.Policy.Entropy.sum": {
            "value": 67048.6640625,
            "min": 67003.25,
            "max": 72247.4453125,
            "count": 15
        },
        "HunterController.Environment.EpisodeLength.mean": {
            "value": 46.683508102955194,
            "min": 46.683508102955194,
            "max": 396.65765765765764,
            "count": 15
        },
        "HunterController.Environment.EpisodeLength.sum": {
            "value": 48971.0,
            "min": 44029.0,
            "max": 53186.0,
            "count": 15
        },
        "HunterController.Step.mean": {
            "value": 749948.0,
            "min": 49948.0,
            "max": 749948.0,
            "count": 15
        },
        "HunterController.Step.sum": {
            "value": 749948.0,
            "min": 49948.0,
            "max": 749948.0,
            "count": 15
        },
        "HunterController.Policy.ExtrinsicValueEstimate.mean": {
            "value": -124.38903045654297,
            "min": -179.8676300048828,
            "max": -39.72269821166992,
            "count": 15
        },
        "HunterController.Policy.ExtrinsicValueEstimate.sum": {
            "value": -171034.921875,
            "min": -171577.859375,
            "max": -32175.384765625,
            "count": 15
        },
        "HunterController.Environment.CumulativeReward.mean": {
            "value": -193.1697793929661,
            "min": -987.1144888334185,
            "max": -193.1697793929661,
            "count": 15
        },
        "HunterController.Environment.CumulativeReward.sum": {
            "value": -202635.09858322144,
            "min": -202635.09858322144,
            "max": -105621.25030517578,
            "count": 15
        },
        "HunterController.Policy.ExtrinsicReward.mean": {
            "value": -193.1697793929661,
            "min": -987.1144888334185,
            "max": -193.1697793929661,
            "count": 15
        },
        "HunterController.Policy.ExtrinsicReward.sum": {
            "value": -202635.09858322144,
            "min": -202635.09858322144,
            "max": -105621.25030517578,
            "count": 15
        },
        "HunterController.Losses.PolicyLoss.mean": {
            "value": 0.023067100982831712,
            "min": 0.02065890263453184,
            "max": 0.026034079099251057,
            "count": 15
        },
        "HunterController.Losses.PolicyLoss.sum": {
            "value": 0.11533550491415856,
            "min": 0.0843325236220456,
            "max": 0.13017039549625528,
            "count": 15
        },
        "HunterController.Losses.ValueLoss.mean": {
            "value": 173.18788823445638,
            "min": 173.18788823445638,
            "max": 435.80140380859376,
            "count": 15
        },
        "HunterController.Losses.ValueLoss.sum": {
            "value": 865.9394411722819,
            "min": 829.584809366862,
            "max": 2179.0070190429688,
            "count": 15
        },