{
    "name": "root",
    "gauges": {
        "HunterController.Policy.Entropy.mean": {
            "value": 1.3603297472000122,
            "min": 1.3603297472000122,
            "max": 1.4159914255142212,
            "count": 15
        },
        "HunterController.Policy.Entropy.sum": {
            "value": 68197.4140625,
            "min": 67934.828125,
            "max": 72359.9921875,
            "count": 15
        },
        "HunterController.Environment.EpisodeLength.mean": {
            "value": 30.335830212234708,
            "min": 30.335830212234708,
            "max": 418.25688073394497,
            "count": 15
        },
        "HunterController.Environment.EpisodeLength.sum": {
            "value": 48598.0,
            "min": 40142.0,
            "max": 54649.0,
            "count": 15
        },
        "HunterController.Step.mean": {
            "value": 749994.0,
            "min": 49979.0,
            "max": 749994.0,
            "count": 15
        },
        "HunterController.Step.sum": {
            "value": 749994.0,
            "min": 49979.0,
            "max": 749994.0,
            "count": 15
        },
        "HunterController.Policy.ExtrinsicValueEstimate.mean": {
            "value": -89.30743408203125,
            "min": -160.80557250976562,
            "max": -37.13402557373047,
            "count": 15
        },
        "HunterController.Policy.ExtrinsicValueEstimate.sum": {
            "value": -157002.46875,
            "min": -157002.46875,
            "max": -30004.29296875,
            "count": 15
        },
        "HunterController.Environment.CumulativeReward.mean": {
            "value": -124.942384507921,
            "min": -1011.4727270145609,
            "max": -124.942384507921,
            "count": 15
        },
        "HunterController.Environment.CumulativeReward.sum": {
            "value": -200157.69998168945,
            "min": -200157.69998168945,
            "max": -100135.79997444153,
            "count": 15
        },
        "HunterController.Policy.ExtrinsicReward.mean": {
            "value": -124.942384507921,
            "min": -1011.4727270145609,
            "max": -124.942384507921,
            "count": 15
        },
        "HunterController.Policy.ExtrinsicReward.sum": {
            "value": -200157.69998168945,
            "min": -200157.69998168945,
            "max": -100135.79997444153,
            "count": 15
        },
        "HunterController.Losses.PolicyLoss.mean": {
            "value": 0.02155297088611405,
            "min": 0.02110022317210678,
            "max": 0.02560336594004184,
            "count": 15
        },
        "HunterController.Losses.PolicyLoss.sum": {
            "value": 0.10776485443057025,
            "min": 0.08440089268842713,
            "max": 0.1280168297002092,
            "count": 15
        },
        "HunterController.Losses.ValueLoss.mean": {
            "value": 1087.8109452311196,
            "min": 209.9313751220703,
            "max": 1087.8109452311196,
            "count": 15
        },
        "HunterController.Losses.ValueLoss.sum": {
            "value": 5439.0547261555985,
            "min": 1049.6568756103516,
            "max": 5439.0547261555985,
            "count": 15
        },
        "HunterController.Policy.LearningRate.mean": {
            "value": 1.1127216290960001e-05,
            "min": 1.1127216290960001e-05,
            "max": 0.00028897720367426663,
            "count": 15
        },
        "HunterController.Policy.LearningRate.sum": {
            "value": 5.5636081454800005e-05,
            "min": 5.5636081454800005e-05,
            "max": 0.0013504972498342665,
            "count": 15
        },
        "HunterController.Policy.Epsilon.mean": {
            "value": 0.10370904000000003,
            "min": 0.10370904000000003,
            "max": 0.19632573333333336,
            "count": 15
        },
        "HunterController.Policy.Epsilon.sum": {
            "value": 0.5185452000000002,
            "min": 0.4668912,
            "max": 0.9501657333333332,
            "count": 15
        },
        "HunterController.Policy.Beta.mean": {
            "value": 0.00019508109600000008,
            "min": 0.00019508109600000008,
            "max": 0.0048166540933333325,
            "count": 15
        },
        "HunterController.Policy.Beta.sum": {
            "value": 0.0009754054800000004,
            "min": 0.0009754054800000004,
            "max": 0.022513270093333336,
            "count": 15
        },
        "HunterController.IsTraining.mean": {
            "value": 1.0,
            "min": 1.0,
            "max": 1.0,
            "count": 15
        },
        "HunterController.IsTraining.sum": {
            "value": 1.0,
            "min": 1.0,
            "max": 1.0,
            "count": 15
        },
        "PreyController.Policy.Entropy.mean": {
            "value": 1.4207926988601685,
            "min": 1.4203275442123413,
            "max": 1.4252725839614868,
            "count": 15
        },
        "PreyController.Policy.Entropy.sum": {
            "value": 71228.6015625,
            "min": 70465.484375,
            "max": 72512.3203125,
            "count": 15
        },
        "PreyController.Environment.EpisodeLength.mean": {
            "value": 30.335830212234708,
            "min": 30.335830212234708,
            "max": 418.25688073394497,
            "count": 15
        },
        "PreyController.Environment.EpisodeLength.sum": {
            "value": 48598.0,
            "min": 40142.0,
            "max": 54649.0,
            "count": 15
        },
        "PreyController.Step.mean": {
            "value": 749994.0,
            "min": 49979.0,
            "max": 749994.0,
            "count": 15
        },
        "PreyController.Step.sum": {
            "value": 749994.0,
            "min": 49979.0,
            "max": 749994.0,
            "count": 15
        },
        "PreyController.Policy.ExtrinsicValueEstimate.mean": {
            "value": -8.390074729919434,
            "min": -8.406158447265625,
            "max": 3.6358330249786377,
            "count": 15
        },
        "PreyController.Policy.ExtrinsicValueEstimate.sum": {
            "value": -14749.751953125,
            "min": -14749.751953125,
            "max": 3065.00732421875,
            "count": 15
        },
        "PreyController.Environment.CumulativeReward.mean": {
            "value": -9.893882646691635,
            "min": -10.531496062992126,
            "max": 14.646464646464647,
            "count": 15
        },
        "PreyController.Environment.CumulativeReward.sum": {
            "value": -15850.0,
            "min": -15850.0,
            "max": 1600.0,
            "count": 15
        },
        "PreyController.Policy.ExtrinsicReward.mean": {
            "value": -9.893882646691635,
            "min": -10.531496062992126,
            "max": 14.646464646464647,
            "count": 15
        },
        "PreyController.Policy.ExtrinsicReward.sum": {
            "value": -15850.0,
            "min": -15850.0,
            "max": 1600.0,
            "count": 15
        },
        "PreyController.Losses.PolicyLoss.mean": {
            "value": 0.02266010063816793,
            "min": 0.0212401243486723,
            "max": 0.027198921532787305,
            "count": 15
        },
        "PreyController.Losses.PolicyLoss.sum": {
            "value": 0.11330050319083965,
            "min": 0.08973118727638696,
            "max": 0.12817158479689775,
            "count": 15
        },
        "PreyController.Losses.ValueLoss.mean": {
            "value": 93.41351755777995,
            "min": 39.97620387077332,
            "max": 93.41351755777995,
            "count": 15
        },
        "PreyController.Losses.ValueLoss.sum": {
            "value": 467.06758778889974,
            "min": 159.90481548309327,
            "max": 467.06758778889974,
            "count": 15
        },