{
    "name": "root",
    "gauges": {
        "HunterController.Policy.Entropy.mean": {
            "value": 1.3875017166137695,
            "min": 1.3875017166137695,
            "max": 1.4219555854797363,
            "count": 35
        },
        "HunterController.Policy.Entropy.sum": {
            "value": 69205.8125,
            "min": 68281.9375,
            "max": 74237.2734375,
            "count": 35
        },
        "HunterController.Step.mean": {
            "value": 1749940.0,
            "min": 49964.0,
            "max": 1749940.0,
            "count": 35
        },
        "HunterController.Step.sum": {
            "value": 1749940.0,
            "min": 49964.0,
            "max": 1749940.0,
            "count": 35
        },
        "HunterController.Policy.ExtrinsicValueEstimate.mean": {
            "value": -6.193358421325684,
            "min": -22.52060890197754,
            "max": -4.762214183807373,
            "count": 35
        },
        "HunterController.Policy.ExtrinsicValueEstimate.sum": {
            "value": -5704.0830078125,
            "min": -18971.126953125,
            "max": -3995.49755859375,
            "count": 35
        },
        "HunterController.Environment.EpisodeLength.mean": {
            "value": 164.69867549668874,
            "min": 164.69867549668874,
            "max": 285.5764705882353,
            "count": 35
        },
        "HunterController.Environment.EpisodeLength.sum": {
            "value": 49739.0,
            "min": 45635.0,
            "max": 51454.0,
            "count": 35
        },
        "HunterController.Environment.CumulativeReward.mean": {
            "value": 10.219868097084248,
            "min": -61.72163712629798,
            "max": 10.219868097084248,
            "count": 35
        },
        "HunterController.Environment.CumulativeReward.sum": {
            "value": 3086.4001653194427,
            "min": -10554.399948596954,
            "max": 3086.4001653194427,
            "count": 35
        },
        "HunterController.Policy.ExtrinsicReward.mean": {
            "value": 10.219868097084248,
            "min": -61.72163712629798,
            "max": 10.219868097084248,
            "count": 35
        },
        "HunterController.Policy.ExtrinsicReward.sum": {
            "value": 3086.4001653194427,
            "min": -10554.399948596954,
            "max": 3086.4001653194427,
            "count": 35
        },
        "HunterController.Losses.PolicyLoss.mean": {
            "value": 0.021800102029034558,
            "min": 0.02121206116455141,
            "max": 0.027230443127433925,
            "count": 35
        },
        "HunterController.Losses.PolicyLoss.sum": {
            "value": 0.10900051014517279,
            "min": 0.09154006176734886,
            "max": 0.13615221563716962,
            "count": 35
        },
        "HunterController.Losses.ValueLoss.mean": {
            "value": 89.7499947865804,
            "min": 10.712147865692772,
            "max": 89.7499947865804,
            "count": 35
        },
        "HunterController.Losses.ValueLoss.sum": {
            "value": 448.74997393290204,
            "min": 42.84859146277109,
            "max": 448.74997393290204,
            "count": 35
        },
        "HunterController.Policy.LearningRate.mean": {
            "value": 4.28046428749715e-06,
            "min": 4.28046428749715e-06,
            "max": 0.0002953384729824142,
            "count": 35
        },
        "HunterController.Policy.LearningRate.sum": {
            "value": 2.1402321437485752e-05,
            "min": 2.1402321437485752e-05,
            "max": 0.0014352744215751995,
            "count": 35
        },
        "HunterController.Policy.Epsilon.mean": {
            "value": 0.10142678857142857,
            "min": 0.10142678857142857,
            "max": 0.19844615714285718,
            "count": 35
        },
        "HunterController.Policy.Epsilon.sum": {
            "value": 0.5071339428571429,
            "min": 0.4398935428571429,
            "max": 0.9784248000000001,
            "count": 35
        },
        "HunterController.Policy.Beta.mean": {
            "value": 8.119674971428589e-05,
            "min": 8.119674971428589e-05,
            "max": 0.004922463241428572,
            "count": 35
        },
        "HunterController.Policy.Beta.sum": {
            "value": 0.00040598374857142946,
            "min": 0.00040598374857142946,
            "max": 0.023923397520000004,
            "count": 35
        },
        "HunterController.IsTraining.mean": {
            "value": 1.0,
            "min": 1.0,
            "max": 1.0,
            "count": 35
        },
        "HunterController.IsTraining.sum": {
            "value": 1.0,
            "min": 1.0,
            "max": 1.0,
            "count": 35
        },
        "PreyController.Policy.Entropy.mean": {
            "value": 1.4059256315231323,
            "min": 1.4049632549285889,
            "max": 1.4217687845230103,
            "count": 35
        },
        "PreyController.Policy.Entropy.sum": {
            "value": 70124.7578125,
            "min": 68738.7421875,
            "max": 74367.75,
            "count": 35
        },
        "PreyController.Step.mean": {
            "value": 1749940.0,
            "min": 49964.0,
            "max": 1749940.0,
            "count": 35
        },
        "PreyController.Step.sum": {
            "value": 1749940.0,
            "min": 49964.0,
            "max": 1749940.0,
            "count": 35
        },
        "PreyController.Policy.ExtrinsicValueEstimate.mean": {
            "value": -0.5796815156936646,
            "min": -0.5796815156936646,
            "max": 11.894810676574707,
            "count": 35
        },
        "PreyController.Policy.ExtrinsicValueEstimate.sum": {
            "value": -533.8866577148438,
            "min": -533.8866577148438,
            "max": 10086.7998046875,
            "count": 35
        },
        "PreyController.Environment.EpisodeLength.mean": {
            "value": 164.69867549668874,
            "min": 164.69867549668874,
            "max": 285.5764705882353,
            "count": 35
        },
        "PreyController.Environment.EpisodeLength.sum": {
            "value": 49739.0,
            "min": 45635.0,
            "max": 51529.0,
            "count": 35
        },
        "PreyController.Environment.CumulativeReward.mean": {
            "value": -15.2317880794702,
            "min": -15.2317880794702,
            "max": 37.64705882352941,
            "count": 35
        },
        "PreyController.Environment.CumulativeReward.sum": {
            "value": -4600.0,
            "min": -4600.0,
            "max": 6750.0,
            "count": 35
        },
        "PreyController.Policy.ExtrinsicReward.mean": {
            "value": -15.2317880794702,
            "min": -15.2317880794702,
            "max": 37.64705882352941,
            "count": 35
        },
        "PreyController.Policy.ExtrinsicReward.sum": {
            "value": -4600.0,
            "min": -4600.0,
            "max": 6750.0,
            "count": 35
        },
        "PreyController.Losses.PolicyLoss.mean": {
            "value": 0.024694065146744226,
            "min": 0.020543288072027883,
            "max": 0.02680751633975888,
            "count": 35
        },
        "PreyController.Losses.PolicyLoss.sum": {
            "value": 0.12347032573372113,
            "min": 0.08829179740084026,
            "max": 0.1340375816987944,
            "count": 35
        },
        "PreyController.Losses.ValueLoss.mean": {
            "value": 114.62086390177407,
            "min": 55.14751379648844,
            "max": 114.62086390177407,
            "count": 35
        },
        "PreyController.Losses.ValueLoss.sum": {
            "value": 573.1043195088704,
            "min": 225.70140024820964,
            "max": 573.1043195088704,
            "count": 35
        },