{
    "name": "root",
    "gauges": {
        "HunterController.Policy.Entropy.mean": {
            "value": 1.3178448677062988,
            "min": 1.3178448677062988,
            "max": 1.42108154296875,
            "count": 40
        },
        "HunterController.Policy.Entropy.sum": {
            "value": 66672.40625,
            "min": 60344.46484375,
            "max": 86983.7578125,
            "count": 40
        },
        "HunterController.Environment.EpisodeLength.mean": {
            "value": 301.8203592814371,
            "min": 192.93333333333334,
            "max": 589.4941176470588,
            "count": 40
        },
        "HunterController.Environment.EpisodeLength.sum": {
            "value": 50404.0,
            "min": 44008.0,
            "max": 55844.0,
            "count": 40
        },
        "HunterController.Step.mean": {
            "value": 1999719.0,
            "min": 49952.0,
            "max": 1999719.0,
            "count": 40
        },
        "HunterController.Step.sum": {
            "value": 1999719.0,
            "min": 49952.0,
            "max": 1999719.0,
            "count": 40
        },
        "HunterController.Policy.ExtrinsicValueEstimate.mean": {
            "value": -1.6824495792388916,
            "min": -12.124582290649414,
            "max": 15.830821990966797,
            "count": 40
        },
        "HunterController.Policy.ExtrinsicValueEstimate.sum": {
            "value": -272.55682373046875,
            "min": -1138.83984375,
            "max": 3926.0439453125,
            "count": 40
        },
        "HunterController.Environment.CumulativeReward.mean": {
            "value": -6.5459881829626765,
            "min": -121.72976194109235,
            "max": 37.60544660072846,
            "count": 40
        },
        "HunterController.Environment.CumulativeReward.sum": {
            "value": -1060.4500856399536,
            "min": -10558.599981307983,
            "max": 9664.599776387215,
            "count": 40
        },
        "HunterController.Policy.ExtrinsicReward.mean": {
            "value": -6.5459881829626765,
            "min": -121.72976194109235,
            "max": 37.60544660072846,
            "count": 40
        },
        "HunterController.Policy.ExtrinsicReward.sum": {
            "value": -1060.4500856399536,
            "min": -10558.599981307983,
            "max": 9664.599776387215,
            "count": 40
        },
        "HunterController.IsTraining.mean": {
            "value": 1.0,
            "min": 1.0,
            "max": 1.0,
            "count": 40
        },
        "HunterController.IsTraining.sum": {
            "value": 1.0,
            "min": 1.0,
            "max": 1.0,
            "count": 40
        },
        "HunterController.Losses.PolicyLoss.mean": {
            "value": 0.011000005216483259,
            "min": 0.010468631735420786,
            "max": 0.015337417459813879,
            "count": 39
        },
        "HunterController.Losses.PolicyLoss.sum": {
            "value": 0.022000010432966517,
            "min": 0.010468631735420786,
            "max": 0.027450710683478974,
            "count": 39
        },
        "HunterController.Losses.ValueLoss.mean": {
            "value": 56.81263883590698,
            "min": 17.65659029960632,
            "max": 59.84073360443115,
            "count": 39
        },
        "HunterController.Losses.ValueLoss.sum": {
            "value": 113.62527767181396,
            "min": 17.65659029960632,
            "max": 117.77026309967042,
            "count": 39
        },
        "HunterController.Policy.LearningRate.mean": {
            "value": 1.095398904699999e-06,
            "min": 1.095398904699999e-06,
            "max": 9.638067861932501e-05,
            "count": 39
        },
        "HunterController.Policy.LearningRate.sum": {
            "value": 2.190797809399998e-06,
            "min": 2.190797809399998e-06,
            "max": 0.00019276135723865002,
            "count": 39
        },
        "HunterController.Policy.Epsilon.mean": {
            "value": 0.10109530000000003,
            "min": 0.10109530000000003,
            "max": 0.19638067500000003,
            "count": 39
        },
        "HunterController.Policy.Epsilon.sum": {
            "value": 0.20219060000000005,
            "min": 0.10417300000000003,
            "max": 0.39276135000000006,
            "count": 39
        },
        "HunterController.Policy.Beta.mean": {
            "value": 6.465546999999999e-05,
            "min": 6.465546999999999e-05,
            "max": 0.0048193956825,
            "count": 39
        },
        "HunterController.Policy.Beta.sum": {
            "value": 0.00012931093999999998,
            "min": 0.00012931093999999998,
            "max": 0.009638791365,
            "count": 39
        },
        "PreyController.Policy.Entropy.mean": {
            "value": 1.3892709016799927,
            "min": 1.3892709016799927,
            "max": 1.4241373538970947,
            "count": 40
        },
        "PreyController.Policy.Entropy.sum": {
            "value": 66530.796875,
            "min": 60501.625,
            "max": 86998.09375,
            "count": 40
        },
        "PreyController.Environment.EpisodeLength.mean": {
            "value": 304.87577639751555,
            "min": 193.44268774703556,
            "max": 589.4941176470588,
            "count": 40
        },
        "PreyController.Environment.EpisodeLength.sum": {
            "value": 49085.0,
            "min": 44008.0,
            "max": 55844.0,
            "count": 40
        },
        "PreyController.Step.mean": {
            "value": 1999719.0,
            "min": 49952.0,
            "max": 1999719.0,
            "count": 40
        },
        "PreyController.Step.sum": {
            "value": 1999719.0,
            "min": 49952.0,
            "max": 1999719.0,
            "count": 40
        },
        "PreyController.Policy.ExtrinsicValueEstimate.mean": {
            "value": -6.104118347167969,
            "min": -17.181116104125977,
            "max": 5.11095666885376,
            "count": 40
        },
        "PreyController.Policy.ExtrinsicValueEstimate.sum": {
            "value": -988.8671875,
            "min": -4129.48388671875,
            "max": 470.2080078125,
            "count": 40
        },
        "PreyController.Environment.CumulativeReward.mean": {
            "value": -28.703703703703702,
            "min": -48.83268482490272,
            "max": 47.61904761904762,
            "count": 40
        },
        "PreyController.Environment.CumulativeReward.sum": {
            "value": -4650.0,
            "min": -12550.0,
            "max": 4000.0,
            "count": 40
        },
        "PreyController.Policy.ExtrinsicReward.mean": {
            "value": -28.703703703703702,
            "min": -48.83268482490272,
            "max": 47.61904761904762,
            "count": 40
        },
        "PreyController.Policy.ExtrinsicReward.sum": {
            "value": -4650.0,
            "min": -12550.0,
            "max": 4000.0,
            "count": 40
        },
        "PreyController.Losses.PolicyLoss.mean": {
            "value": 0.017096528594847768,
            "min": 0.01433475486934185,
            "max": 0.019081107838012812,
            "count": 40
        },
        "PreyController.Losses.PolicyLoss.sum": {
            "value": 0.034193057189695536,
            "min": 0.015364422750038405,
            "max": 0.05522531396010891,
            "count": 40
        },
        "PreyController.Losses.ValueLoss.mean": {
            "value": 75.06242183685302,
            "min": 30.83332189832415,
            "max": 80.53265213012696,
            "count": 40
        },
        "PreyController.Losses.ValueLoss.sum": {
            "value": 150.12484367370604,
            "min": 31.54934392656599,
            "max": 240.51745941162113,
            "count": 40
        },