{
    "name": "root",
    "gauges": {
        "PreyController.Policy.Entropy.mean": {
            "value": 1.4191118478775024,
            "min": 1.4189409017562866,
            "max": 1.4282777309417725,
            "count": 15
        },
        "PreyController.Policy.Entropy.sum": {
            "value": 70782.4609375,
            "min": 69579.921875,
            "max": 73925.0,
            "count": 15
        },
        "PreyController.Environment.EpisodeLength.mean": {
            "value": 259.4591836734694,
            "min": 259.4591836734694,
            "max": 286.2881355932203,
            "count": 15
        },
        "PreyController.Environment.EpisodeLength.sum": {
            "value": 50854.0,
            "min": 45788.0,
            "max": 50982.0,
            "count": 15
        },
        "PreyController.Step.mean": {
            "value": 749956.0,
            "min": 49990.0,
            "max": 749956.0,
            "count": 15
        },
        "PreyController.Step.sum": {
            "value": 749956.0,
            "min": 49990.0,
            "max": 749956.0,
            "count": 15
        },
        "PreyController.Policy.ExtrinsicValueEstimate.mean": {
            "value": 8.842741012573242,
            "min": 1.761906623840332,
            "max": 11.874202728271484,
            "count": 15
        },
        "PreyController.Policy.ExtrinsicValueEstimate.sum": {
            "value": 7516.330078125,
            "min": 1487.0491943359375,
            "max": 10012.23046875,
            "count": 15
        },
        "PreyController.Environment.CumulativeReward.mean": {
            "value": 22.70408163265306,
            "min": 22.70408163265306,
            "max": 41.24293785310734,
            "count": 15
        },
        "PreyController.Environment.CumulativeReward.sum": {
            "value": 4450.0,
            "min": 4450.0,
            "max": 7300.0,
            "count": 15
        },
        "PreyController.Policy.ExtrinsicReward.mean": {
            "value": 22.70408163265306,
            "min": 22.70408163265306,
            "max": 41.24293785310734,
            "count": 15
        },
        "PreyController.Policy.ExtrinsicReward.sum": {
            "value": 4450.0,
            "min": 4450.0,
            "max": 7300.0,
            "count": 15
        },
        "PreyController.Losses.PolicyLoss.mean": {
            "value": 0.023829727211559657,
            "min": 0.021390495634598966,
            "max": 0.026281766693573443,
            "count": 15
        },
        "PreyController.Losses.PolicyLoss.sum": {
            "value": 0.11914863605779828,
            "min": 0.08569011432330377,
            "max": 0.13140883346786722,
            "count": 15
        },
        "PreyController.Losses.ValueLoss.mean": {
            "value": 79.69138888041178,
            "min": 54.921327527364085,
            "max": 90.23731419881184,
            "count": 15
        },
        "PreyController.Losses.ValueLoss.sum": {
            "value": 398.4569444020589,
            "min": 225.65897496541342,
            "max": 451.18657099405925,
            "count": 15
        },
        "PreyController.Policy.LearningRate.mean": {
            "value": 1.0306416564559996e-05,
            "min": 1.0306416564559996e-05,
            "max": 0.0002891283036239,
            "count": 15
        },
        "PreyController.Policy.LearningRate.sum": {
            "value": 5.153208282279998e-05,
            "min": 5.153208282279998e-05,
            "max": 0.0013519440493519998,
            "count": 15
        },
        "PreyController.Policy.Epsilon.mean": {
            "value": 0.10343543999999998,
            "min": 0.10343543999999998,
            "max": 0.1963761,
            "count": 15
        },
        "PreyController.Policy.Epsilon.sum": {
            "value": 0.5171771999999999,
            "min": 0.4935373333333334,
            "max": 0.9506479999999999,
            "count": 15
        },
        "PreyController.Policy.Beta.mean": {
            "value": 0.0001814284559999999,
            "min": 0.0001814284559999999,
            "max": 0.00481916739,
            "count": 15
        },
        "PreyController.Policy.Beta.sum": {
            "value": 0.0009071422799999995,
            "min": 0.0009071422799999995,
            "max": 0.0225373352,
            "count": 15
        },
        "PreyController.IsTraining.mean": {
            "value": 1.0,
            "min": 1.0,
            "max": 1.0,
            "count": 15
        },
        "PreyController.IsTraining.sum": {
            "value": 1.0,
            "min": 1.0,
            "max": 1.0,
            "count": 15
        },
        "HunterController.Policy.Entropy.mean": {
            "value": 1.3931852579116821,
            "min": 1.3931852579116821,
            "max": 1.417583703994751,
            "count": 15
        },
        "HunterController.Policy.Entropy.sum": {
            "value": 69489.296875,
            "min": 68725.1875,
            "max": 73670.40625,
            "count": 15
        },
        "HunterController.Environment.EpisodeLength.mean": {
            "value": 259.4591836734694,
            "min": 259.4591836734694,
            "max": 286.2881355932203,
            "count": 15
        },
        "HunterController.Environment.EpisodeLength.sum": {
            "value": 50854.0,
            "min": 45788.0,
            "max": 50982.0,
            "count": 15
        },
        "HunterController.Step.mean": {
            "value": 749956.0,
            "min": 49990.0,
            "max": 749956.0,
            "count": 15
        },
        "HunterController.Step.sum": {
            "value": 749956.0,
            "min": 49990.0,
            "max": 749956.0,
            "count": 15
        },
        "HunterController.Policy.ExtrinsicValueEstimate.mean": {
            "value": -19.733234405517578,
            "min": -22.955726623535156,
            "max": -4.64517068862915,
            "count": 15
        },
        "HunterController.Policy.ExtrinsicValueEstimate.sum": {
            "value": -16773.25,
            "min": -19374.6328125,
            "max": -3920.52392578125,
            "count": 15
        },
        "HunterController.Environment.CumulativeReward.mean": {
            "value": -39.94387755102041,
            "min": -63.016949152542374,
            "max": -39.94387755102041,
            "count": 15
        },
        "HunterController.Environment.CumulativeReward.sum": {
            "value": -7829.0,
            "min": -11154.0,
            "max": -7829.0,
            "count": 15
        },
        "HunterController.Policy.ExtrinsicReward.mean": {
            "value": -39.94387755102041,
            "min": -63.016949152542374,
            "max": -39.94387755102041,
            "count": 15
        },
        "HunterController.Policy.ExtrinsicReward.sum": {
            "value": -7829.0,
            "min": -11154.0,
            "max": -7829.0,
            "count": 15
        },
        "HunterController.Losses.PolicyLoss.mean": {
            "value": 0.025076388873858373,
            "min": 0.020915378541297592,
            "max": 0.026483968031049392,
            "count": 15
        },
        "HunterController.Losses.PolicyLoss.sum": {
            "value": 0.12538194436929187,
            "min": 0.09194715692129014,
            "max": 0.13241984015524697,
            "count": 15
        },
        "HunterController.Losses.ValueLoss.mean": {
            "value": 28.5901599184672,
            "min": 12.513492584228516,
            "max": 48.8884104793722,
            "count": 15
        },
        "HunterController.Losses.ValueLoss.sum": {
            "value": 142.950799592336,
            "min": 62.56746292114258,
            "max": 195.5536419174888,
            "count": 15
        },
        "HunterController.Policy.LearningRate.mean": {
            "value": 1.0306416564559996e-05,
            "min": 1.0306416564559996e-05,