{
    "name": "root",
    "gauges": {
        "PreyController.Policy.Entropy.mean": {
            "value": 1.4300545454025269,
            "min": 1.4190874099731445,
            "max": 1.4302351474761963,
            "count": 40
        },
        "PreyController.Policy.Entropy.sum": {
            "value": 73662.109375,
            "min": 65150.78125,
            "max": 86920.5234375,
            "count": 40
        },
        "PreyController.Environment.EpisodeLength.mean": {
            "value": 133.97843665768195,
            "min": 133.97843665768195,
            "max": 298.10493827160496,
            "count": 40
        },
        "PreyController.Environment.EpisodeLength.sum": {
            "value": 49706.0,
            "min": 46020.0,
            "max": 55661.0,
            "count": 40
        },
        "PreyController.Step.mean": {
            "value": 1999951.0,
            "min": 49857.0,
            "max": 1999951.0,
            "count": 40
        },
        "PreyController.Step.sum": {
            "value": 1999951.0,
            "min": 49857.0,
            "max": 1999951.0,
            "count": 40
        },
        "PreyController.Policy.ExtrinsicValueEstimate.mean": {
            "value": -14.202001571655273,
            "min": -14.202001571655273,
            "max": 12.274025917053223,
            "count": 40
        },
        "PreyController.Policy.ExtrinsicValueEstimate.sum": {
            "value": -5283.14453125,
            "min": -5283.14453125,
            "max": 2094.724609375,
            "count": 40
        },
        "PreyController.Environment.CumulativeReward.mean": {
            "value": -34.81182795698925,
            "min": -34.81182795698925,
            "max": 49.10179640718563,
            "count": 40
        },
        "PreyController.Environment.CumulativeReward.sum": {
            "value": -12950.0,
            "min": -12950.0,
            "max": 8200.0,
            "count": 40
        },
        "PreyController.Policy.ExtrinsicReward.mean": {
            "value": -34.81182795698925,
            "min": -34.81182795698925,
            "max": 49.10179640718563,
            "count": 40
        },
        "PreyController.Policy.ExtrinsicReward.sum": {
            "value": -12950.0,
            "min": -12950.0,
            "max": 8200.0,
            "count": 40
        },
        "PreyController.Losses.PolicyLoss.mean": {
            "value": 0.017714571865508334,
            "min": 0.01308671456160179,
            "max": 0.020338412687609282,
            "count": 40
        },
        "PreyController.Losses.PolicyLoss.sum": {
            "value": 0.03542914373101667,
            "min": 0.02617342912320358,
            "max": 0.056633388126889866,
            "count": 40
        },
        "PreyController.Losses.ValueLoss.mean": {
            "value": 103.87081260681151,
            "min": 42.52216354716908,
            "max": 121.10476158989799,
            "count": 40
        },
        "PreyController.Losses.ValueLoss.sum": {
            "value": 207.74162521362302,
            "min": 85.04432709433816,
            "max": 363.314284769694,
            "count": 40
        },
        "PreyController.Policy.LearningRate.mean": {
            "value": 1.4316985683999995e-06,
            "min": 1.4316985683999995e-06,
            "max": 9.828855171145e-05,
            "count": 40
        },
        "PreyController.Policy.LearningRate.sum": {
            "value": 2.863397136799999e-06,
            "min": 2.863397136799999e-06,
            "max": 0.00027335007664994995,
            "count": 40
        },
        "PreyController.Policy.Epsilon.mean": {
            "value": 0.10143159999999998,
            "min": 0.10143159999999998,
            "max": 0.19828855,
            "count": 40
        },
        "PreyController.Policy.Epsilon.sum": {
            "value": 0.20286319999999997,
            "min": 0.20286319999999997,
            "max": 0.57335005,
            "count": 40
        },
        "PreyController.Policy.Beta.mean": {
            "value": 8.143683999999997e-05,
            "min": 8.143683999999997e-05,
            "max": 0.0049145986450000005,
            "count": 40
        },
        "PreyController.Policy.Beta.sum": {
            "value": 0.00016287367999999995,
            "min": 0.00016287367999999995,
            "max": 0.013670167495,
            "count": 40
        },
        "PreyController.IsTraining.mean": {
            "value": 1.0,
            "min": 1.0,
            "max": 1.0,
            "count": 40
        },
        "PreyController.IsTraining.sum": {
            "value": 1.0,
            "min": 1.0,
            "max": 1.0,
            "count": 40
        },
        "HunterController.Policy.Entropy.mean": {
            "value": 1.4194867610931396,
            "min": 1.4194867610931396,
            "max": 1.424739956855774,
            "count": 40
        },
        "HunterController.Policy.Entropy.sum": {
            "value": 73117.765625,
            "min": 65405.39453125,
            "max": 86964.6171875,
            "count": 40
        },
        "HunterController.Environment.EpisodeLength.mean": {
            "value": 133.97843665768195,
            "min": 133.97843665768195,
            "max": 298.10493827160496,
            "count": 40
        },
        "HunterController.Environment.EpisodeLength.sum": {
            "value": 49706.0,
            "min": 46020.0,
            "max": 55661.0,
            "count": 40
        },
        "HunterController.Step.mean": {
            "value": 1999951.0,
            "min": 49857.0,
            "max": 1999951.0,
            "count": 40
        },
        "HunterController.Step.sum": {
            "value": 1999951.0,
            "min": 49857.0,
            "max": 1999951.0,
            "count": 40
        },
        "HunterController.Policy.ExtrinsicValueEstimate.mean": {
            "value": 13.42490005493164,
            "min": -20.908737182617188,
            "max": 13.42490005493164,
            "count": 40
        },
        "HunterController.Policy.ExtrinsicValueEstimate.sum": {
            "value": 4994.06298828125,
            "min": -3533.0625,
            "max": 4994.06298828125,
            "count": 40
        },
        "HunterController.Environment.CumulativeReward.mean": {
            "value": 36.12970438311177,
            "min": -65.69705841962029,
            "max": 36.12970438311177,
            "count": 40
        },
        "HunterController.Environment.CumulativeReward.sum": {
            "value": 13440.250030517578,
            "min": -11188.699844360352,
            "max": 13440.250030517578,
            "count": 40
        },
        "HunterController.Policy.ExtrinsicReward.mean": {
            "value": 36.12970438311177,
            "min": -65.69705841962029,
            "max": 36.12970438311177,
            "count": 40
        },
        "HunterController.Policy.ExtrinsicReward.sum": {
            "value": 13440.250030517578,
            "min": -11188.699844360352,
            "max": 13440.250030517578,
            "count": 40
        },
        "HunterController.Losses.PolicyLoss.mean": {
            "value": 0.016665768314366385,
            "min": 0.014164281471251646,
            "max": 0.018849114891296873,
            "count": 40
        },
        "HunterController.Losses.PolicyLoss.sum": {
            "value": 0.03333153662873277,
            "min": 0.028328562942503292,
            "max": 0.054034165846921195,
            "count": 40
        },
        "HunterController.Losses.ValueLoss.mean": {
            "value": 120.22781321207682,
            "min": 6.772353781594171,
            "max": 120.22781321207682,
            "count": 40
        },
        "HunterController.Losses.ValueLoss.sum": {
            "value": 240.45562642415365,
            "min": 13.544707563188341,
            "max": 330.37237548828125,
            "count": 40
        },