{
    "name": "root",
    "gauges": {
        "HunterController.Policy.Entropy.mean": {
            "value": 1.4074493646621704,
            "min": 1.4074493646621704,
            "max": 1.4219708442687988,
            "count": 40
        },
        "HunterController.Policy.Entropy.sum": {
            "value": 64530.1484375,
            "min": 64530.1484375,
            "max": 86206.0625,
            "count": 40
        },
        "HunterController.Environment.EpisodeLength.mean": {
            "value": 278.3414634146341,
            "min": 276.489898989899,
            "max": 299.0,
            "count": 40
        },
        "HunterController.Environment.EpisodeLength.sum": {
            "value": 45648.0,
            "min": 45561.0,
            "max": 54745.0,
            "count": 40
        },
        "HunterController.Step.mean": {
            "value": 1999714.0,
            "min": 49997.0,
            "max": 1999714.0,
            "count": 40
        },
        "HunterController.Step.sum": {
            "value": 1999714.0,
            "min": 49997.0,
            "max": 1999714.0,
            "count": 40
        },
        "HunterController.Policy.ExtrinsicValueEstimate.mean": {
            "value": -22.30852508544922,
            "min": -25.4688663482666,
            "max": -0.8902961611747742,
            "count": 40
        },
        "HunterController.Policy.ExtrinsicValueEstimate.sum": {
            "value": -4015.53466796875,
            "min": -4304.23828125,
            "max": -160.25331115722656,
            "count": 40
        },
        "HunterController.Environment.CumulativeReward.mean": {
            "value": -61.09249970648024,
            "min": -80.5749991280692,
            "max": -61.09249970648024,
            "count": 40
        },
        "HunterController.Environment.CumulativeReward.sum": {
            "value": -10996.649947166443,
            "min": -14346.149893760681,
            "max": -10996.649947166443,
            "count": 40
        },
        "HunterController.Policy.ExtrinsicReward.mean": {
            "value": -61.09249970648024,
            "min": -80.5749991280692,
            "max": -61.09249970648024,
            "count": 40
        },
        "HunterController.Policy.ExtrinsicReward.sum": {
            "value": -10996.649947166443,
            "min": -14346.149893760681,
            "max": -10996.649947166443,
            "count": 40
        },
        "HunterController.Losses.PolicyLoss.mean": {
            "value": 0.013175897139153675,
            "min": 0.0101783707816503,
            "max": 0.013748922247832524,
            "count": 40
        },
        "HunterController.Losses.PolicyLoss.sum": {
            "value": 0.013175897139153675,
            "min": 0.0101783707816503,
            "max": 0.0258058536608587,
            "count": 40
        },
        "HunterController.Losses.ValueLoss.mean": {
            "value": 26.950129280090334,
            "min": 2.284723813533783,
            "max": 103.50022247314453,
            "count": 40
        },
        "HunterController.Losses.ValueLoss.sum": {
            "value": 26.950129280090334,
            "min": 2.284723813533783,
            "max": 103.50022247314453,
            "count": 40
        },
        "HunterController.Policy.LearningRate.mean": {
            "value": 4.453495547499973e-07,
            "min": 4.453495547499973e-07,
            "max": 9.794780205219998e-05,
            "count": 40
        },
        "HunterController.Policy.LearningRate.sum": {
            "value": 4.453495547499973e-07,
            "min": 4.453495547499973e-07,
            "max": 0.00017231247768754998,
            "count": 40
        },
        "HunterController.Policy.Epsilon.mean": {
            "value": 0.10044525,
            "min": 0.10044525,
            "max": 0.1979478000000001,
            "count": 40
        },
        "HunterController.Policy.Epsilon.sum": {
            "value": 0.10044525,
            "min": 0.10044525,
            "max": 0.3723124500000001,
            "count": 40
        },
        "HunterController.Policy.Beta.mean": {
            "value": 3.221797499999986e-05,
            "min": 3.221797499999986e-05,
            "max": 0.004897595220000001,
            "count": 40
        },
        "HunterController.Policy.Beta.sum": {
            "value": 3.221797499999986e-05,
            "min": 3.221797499999986e-05,
            "max": 0.008618391255000003,
            "count": 40
        },
        "HunterController.IsTraining.mean": {
            "value": 1.0,
            "min": 1.0,
            "max": 1.0,
            "count": 40
        },
        "HunterController.IsTraining.sum": {
            "value": 1.0,
            "min": 1.0,
            "max": 1.0,
            "count": 40
        },
        "PreyController.Policy.Entropy.mean": {
            "value": 1.4278068542480469,
            "min": 1.4194903373718262,
            "max": 1.4299064874649048,
            "count": 40
        },
        "PreyController.Policy.Entropy.sum": {
            "value": 71361.7890625,
            "min": 66196.625,
            "max": 86221.265625,
            "count": 40
        },
        "PreyController.Environment.EpisodeLength.mean": {
            "value": 276.8901098901099,
            "min": 276.8839779005525,
            "max": 299.0,
            "count": 40
        },
        "PreyController.Environment.EpisodeLength.sum": {
            "value": 50394.0,
            "min": 47266.0,
            "max": 52427.0,
            "count": 40
        },
        "PreyController.Step.mean": {
            "value": 1999714.0,
            "min": 49997.0,
            "max": 1999714.0,
            "count": 40
        },
        "PreyController.Step.sum": {
            "value": 1999714.0,
            "min": 49997.0,
            "max": 1999714.0,
            "count": 40
        },
        "PreyController.Policy.ExtrinsicValueEstimate.mean": {
            "value": 10.283136367797852,
            "min": 0.8754151463508606,
            "max": 13.046074867248535,
            "count": 40
        },
        "PreyController.Policy.ExtrinsicValueEstimate.sum": {
            "value": 1850.964599609375,
            "min": 157.57472229003906,
            "max": 2204.78662109375,
            "count": 40
        },
        "PreyController.Environment.CumulativeReward.mean": {
            "value": 33.888888888888886,
            "min": 33.888888888888886,
            "max": 50.0,
            "count": 40
        },
        "PreyController.Environment.CumulativeReward.sum": {
            "value": 6100.0,
            "min": 6100.0,
            "max": 8300.0,
            "count": 40
        },
        "PreyController.Policy.ExtrinsicReward.mean": {
            "value": 33.888888888888886,
            "min": 33.888888888888886,
            "max": 50.0,
            "count": 40
        },
        "PreyController.Policy.ExtrinsicReward.sum": {
            "value": 6100.0,
            "min": 6100.0,
            "max": 8300.0,
            "count": 40
        },
        "PreyController.Losses.PolicyLoss.mean": {
            "value": 0.017558595028628287,
            "min": 0.014800339956224587,
            "max": 0.018755411528400146,
            "count": 40
        },
        "PreyController.Losses.PolicyLoss.sum": {
            "value": 0.05267578508588486,
            "min": 0.03003903141012415,
            "max": 0.05539821131311328,
            "count": 40
        },
        "PreyController.Losses.ValueLoss.mean": {
            "value": 59.8793058013916,
            "min": 40.117737712860105,
            "max": 73.41265546162924,
            "count": 40
        },
        "PreyController.Losses.ValueLoss.sum": {
            "value": 179.6379174041748,
            "min": 80.23547542572021,
            "max": 179.6379174041748,
            "count": 40
        },
        "PreyController.Policy.LearningRate.mean": {
            "value": 1.3860152807499978e-06,