{
    "name": "root",
    "gauges": {
        "PreyController.Policy.Entropy.mean": {
            "value": 1.4068151712417603,
            "min": 1.4068151712417603,
            "max": 1.4257556200027466,
            "count": 40
        },
        "PreyController.Policy.Entropy.sum": {
            "value": 70527.8671875,
            "min": 65385.2734375,
            "max": 86929.90625,
            "count": 40
        },
        "PreyController.Environment.EpisodeLength.mean": {
            "value": 88.87096774193549,
            "min": 84.793867120954,
            "max": 289.72189349112426,
            "count": 40
        },
        "PreyController.Environment.EpisodeLength.sum": {
            "value": 49590.0,
            "min": 46052.0,
            "max": 55655.0,
            "count": 40
        },
        "PreyController.Step.mean": {
            "value": 1999918.0,
            "min": 49849.0,
            "max": 1999918.0,
            "count": 40
        },
        "PreyController.Step.sum": {
            "value": 1999918.0,
            "min": 49849.0,
            "max": 1999918.0,
            "count": 40
        },
        "PreyController.Policy.ExtrinsicValueEstimate.mean": {
            "value": -25.08793830871582,
            "min": -25.200008392333984,
            "max": 10.302371978759766,
            "count": 40
        },
        "PreyController.Policy.ExtrinsicValueEstimate.sum": {
            "value": -13973.9814453125,
            "min": -14601.361328125,
            "max": 1916.2412109375,
            "count": 40
        },
        "PreyController.Environment.CumulativeReward.mean": {
            "value": -45.960502692998205,
            "min": -46.33105802047782,
            "max": 43.67816091954023,
            "count": 40
        },
        "PreyController.Environment.CumulativeReward.sum": {
            "value": -25600.0,
            "min": -27150.0,
            "max": 7600.0,
            "count": 40
        },
        "PreyController.Policy.ExtrinsicReward.mean": {
            "value": -45.960502692998205,
            "min": -46.33105802047782,
            "max": 43.67816091954023,
            "count": 40
        },
        "PreyController.Policy.ExtrinsicReward.sum": {
            "value": -25600.0,
            "min": -27150.0,
            "max": 7600.0,
            "count": 40
        },
        "PreyController.Losses.PolicyLoss.mean": {
            "value": 0.01655514449632998,
            "min": 0.014005546259795665,
            "max": 0.018760439373872943,
            "count": 40
        },
        "PreyController.Losses.PolicyLoss.sum": {
            "value": 0.04966543348898994,
            "min": 0.02801109251959133,
            "max": 0.056226237431401385,
            "count": 40
        },
        "PreyController.Losses.ValueLoss.mean": {
            "value": 102.46873123168945,
            "min": 52.36042893149636,
            "max": 130.80779907226562,
            "count": 40
        },
        "PreyController.Losses.ValueLoss.sum": {
            "value": 307.40619369506834,
            "min": 104.72085786299272,
            "max": 390.5008752441406,
            "count": 40
        },
        "PreyController.Policy.LearningRate.mean": {
            "value": 1.1503988497000005e-06,
            "min": 1.1503988497000005e-06,
            "max": 9.824415175585001e-05,
            "count": 40
        },
        "PreyController.Policy.LearningRate.sum": {
            "value": 3.4511965491000017e-06,
            "min": 3.4511965491000017e-06,
            "max": 0.0002736596263404,
            "count": 40
        },
        "PreyController.Policy.Epsilon.mean": {
            "value": 0.10115029999999998,
            "min": 0.10115029999999998,
            "max": 0.19824415,
            "count": 40
        },
        "PreyController.Policy.Epsilon.sum": {
            "value": 0.30345089999999997,
            "min": 0.20743679999999998,
            "max": 0.5736596,
            "count": 40
        },
        "PreyController.Policy.Beta.mean": {
            "value": 6.739997000000004e-05,
            "min": 6.739997000000004e-05,
            "max": 0.004912383084999999,
            "count": 40
        },
        "PreyController.Policy.Beta.sum": {
            "value": 0.0002021999100000001,
            "min": 0.0002021999100000001,
            "max": 0.013685614039999999,
            "count": 40
        },
        "PreyController.IsTraining.mean": {
            "value": 1.0,
            "min": 1.0,
            "max": 1.0,
            "count": 40
        },
        "PreyController.IsTraining.sum": {
            "value": 1.0,
            "min": 1.0,
            "max": 1.0,
            "count": 40
        },
        "HunterController.Policy.Entropy.mean": {
            "value": 1.4052417278289795,
            "min": 1.4052417278289795,
            "max": 1.4226986169815063,
            "count": 40
        },
        "HunterController.Policy.Entropy.sum": {
            "value": 70448.984375,
            "min": 65451.546875,
            "max": 86950.0546875,
            "count": 40
        },
        "HunterController.Environment.EpisodeLength.mean": {
            "value": 88.87096774193549,
            "min": 84.793867120954,
            "max": 289.72189349112426,
            "count": 40
        },
        "HunterController.Environment.EpisodeLength.sum": {
            "value": 49590.0,
            "min": 46052.0,
            "max": 55655.0,
            "count": 40
        },
        "HunterController.Step.mean": {
            "value": 1999918.0,
            "min": 49849.0,
            "max": 1999918.0,
            "count": 40
        },
        "HunterController.Step.sum": {
            "value": 1999918.0,
            "min": 49849.0,
            "max": 1999918.0,
            "count": 40
        },
        "HunterController.Policy.ExtrinsicValueEstimate.mean": {
            "value": 23.974124908447266,
            "min": -17.856727600097656,
            "max": 24.254348754882812,
            "count": 40
        },
        "HunterController.Policy.ExtrinsicValueEstimate.sum": {
            "value": 13353.587890625,
            "min": -3097.28125,
            "max": 14213.0478515625,
            "count": 40
        },
        "HunterController.Environment.CumulativeReward.mean": {
            "value": 50.18976673617611,
            "min": -62.11342783791678,
            "max": 50.18976673617611,
            "count": 40
        },
        "HunterController.Environment.CumulativeReward.sum": {
            "value": 27955.700072050095,
            "min": -10869.849871635437,
            "max": 29162.300163269043,
            "count": 40
        },
        "HunterController.Policy.ExtrinsicReward.mean": {
            "value": 50.18976673617611,
            "min": -62.11342783791678,
            "max": 50.18976673617611,
            "count": 40
        },
        "HunterController.Policy.ExtrinsicReward.sum": {
            "value": 27955.700072050095,
            "min": -10869.849871635437,
            "max": 29162.300163269043,
            "count": 40
        },
        "HunterController.Losses.PolicyLoss.mean": {
            "value": 0.01701489605101718,
            "min": 0.014599911025713178,
            "max": 0.02069189388595987,
            "count": 40
        },
        "HunterController.Losses.PolicyLoss.sum": {
            "value": 0.05104468815305154,
            "min": 0.029199822051426357,
            "max": 0.05695629293768434,
            "count": 40
        },
        "HunterController.Losses.ValueLoss.mean": {
            "value": 104.32060501098631,
            "min": 15.22322659925981,
            "max": 111.63470573425292,
            "count": 40
        },
        "HunterController.Losses.ValueLoss.sum": {
            "value": 312.96181503295895,
            "min": 30.44645319851962,
            "max": 328.18169326782225,
            "count": 40
        },